<?xml version = '1.0' encoding = 'UTF-8'?>
<Diagram class="oracle.dbtools.crest.swingui.relational.DPVRelational" name="Relational_1" id="FDE51D74-1A62-FB23-6344-262D425A6F52">
<createdBy>GROUP 184</createdBy>
<modifiedBy>GROUP 184</modifiedBy>
<createdTime>2023-05-03 03:25:34 UTC</createdTime>
<autoRoute>false</autoRoute>
<boxInbox>true</boxInbox>
<showLegend>true</showLegend>
<showLabels>false</showLabels>
<showRelAttributes>false</showRelAttributes>
<gridEnabled>false</gridEnabled>
<showGrid>false</showGrid>
<diagramColor>-1</diagramColor>
<display>false</display>
<notation>1</notation>
<objectViews>
<OView class="oracle.dbtools.crest.swingui.relational.TVTable" oid="073E84B7-E31E-D9B7-BDED-7264A204CBBC" otype="Table" vid="14504438-0DC7-DDED-2F08-7123F6BC832D">
<hideElementsInCurrentOnly>false</hideElementsInCurrentOnly>
<bounds x="312" y="521" width="191" height="119"/>
</OView>
<OView class="oracle.dbtools.crest.swingui.relational.TVTable" oid="26E0AF60-0C5A-77EB-48AA-6DCDD65D8141" otype="Table" vid="56812BFA-2268-A1CC-6BF0-FA78FB7D1588">
<hideElementsInCurrentOnly>false</hideElementsInCurrentOnly>
<bounds x="1139" y="387" width="208" height="64"/>
</OView>
<OView class="oracle.dbtools.crest.swingui.relational.TVTable" oid="4208EF4B-5B4C-3D2E-17A9-C3FB32F6C3A3" otype="Table" vid="0E5FE8CC-7C4E-7D62-26BD-BC8B3DD96FDB">
<hideElementsInCurrentOnly>false</hideElementsInCurrentOnly>
<bounds x="667" y="317" width="200" height="132"/>
</OView>
<OView class="oracle.dbtools.crest.swingui.relational.TVTable" oid="62633C0E-A112-4BA2-84F8-66E8714B7454" otype="Table" vid="B9A6AC05-0B1E-CF7A-BD04-E8519F7976FA">
<hideElementsInCurrentOnly>false</hideElementsInCurrentOnly>
<bounds x="951" y="504" width="149" height="119"/>
</OView>
<OView class="oracle.dbtools.crest.swingui.relational.TVTable" oid="75C9683A-392F-DDD8-0C2E-9FCD20897CE1" otype="Table" vid="6247035F-8CC8-437D-CD19-84F1E0AA5F85">
<hideElementsInCurrentOnly>false</hideElementsInCurrentOnly>
<bounds x="1139" y="510" width="213" height="117"/>
</OView>
<OView class="oracle.dbtools.crest.swingui.relational.TVTable" oid="8C8D5FB3-E9A7-C9AD-E945-B8EB7C90966E" otype="Table" vid="D7C9A71F-D9AC-D8CD-C543-D092EEF7D56F">
<hideElementsInCurrentOnly>false</hideElementsInCurrentOnly>
<bounds x="1397" y="365" width="169" height="121"/>
</OView>
<OView class="oracle.dbtools.crest.swingui.relational.TVTable" oid="8FBF6AA9-4D66-853A-9A35-FE003B30813D" otype="Table" vid="94F5CA5D-295B-9A34-41F2-8203D20CB8C4">
<hideElementsInCurrentOnly>false</hideElementsInCurrentOnly>
<bounds x="586" y="70" width="175" height="121"/>
</OView>
<OView class="oracle.dbtools.crest.swingui.TVLegend" oid="9367524D-7304-A29A-3D6F-4ECB5943D993" otype="Legend" vid="A1CA58DE-CC97-C20C-A5F7-05AC92025BAC">
<hideElementsInCurrentOnly>false</hideElementsInCurrentOnly>
<bounds x="10" y="10" width="257" height="135"/>
</OView>
<OView class="oracle.dbtools.crest.swingui.relational.TVTable" oid="A04F0BCF-A4FF-C591-C7FD-D3A82FB8ACFE" otype="Table" vid="20FB7583-0BAF-EFDD-BF0B-B9B13D4F028B">
<hideElementsInCurrentOnly>false</hideElementsInCurrentOnly>
<bounds x="314" y="312" width="189" height="121"/>
</OView>
<OView class="oracle.dbtools.crest.swingui.relational.TVTable" oid="ACF0FDA9-C786-8A91-E91D-2E67E8CC4508" otype="Table" vid="958BC19B-FC7F-47DB-EC7F-EDD35A627F61">
<hideElementsInCurrentOnly>false</hideElementsInCurrentOnly>
<bounds x="416" y="722" width="144" height="168"/>
</OView>
<OView class="oracle.dbtools.crest.swingui.relational.TVTable" oid="B5F8324A-3B7D-04DD-4DCE-91344FCA8728" otype="Table" vid="6CD54FBA-40A7-594E-9171-9E9D3C7FC3A2">
<hideElementsInCurrentOnly>false</hideElementsInCurrentOnly>
<bounds x="19" y="673" width="174" height="108"/>
</OView>
<OView class="oracle.dbtools.crest.swingui.relational.TVTable" oid="C1B25751-E4C2-B54C-9909-0D6EFBE63DB8" otype="Table" vid="61A74230-2830-5505-FEAF-B5F74FACF396">
<hideElementsInCurrentOnly>false</hideElementsInCurrentOnly>
<bounds x="21" y="455" width="174" height="113"/>
</OView>
<OView class="oracle.dbtools.crest.swingui.relational.TVTable" oid="C1C0BB5E-7CF2-41B6-3F27-4E47283B2281" otype="Table" vid="140CA28C-4A5D-65F8-AB37-D2E235F8293A">
<hideElementsInCurrentOnly>false</hideElementsInCurrentOnly>
<bounds x="1143" y="142" width="200" height="189"/>
</OView>
<OView class="oracle.dbtools.crest.swingui.relational.TVTable" oid="D4763D8E-9121-0D30-CD24-252F0CCD470C" otype="Table" vid="343AB253-8ECF-EFED-188A-946AE18B495B">
<hideElementsInCurrentOnly>false</hideElementsInCurrentOnly>
<bounds x="997" y="768" width="255" height="110"/>
</OView>
<OView class="oracle.dbtools.crest.swingui.relational.TVTable" oid="DB404837-7167-9253-5AFC-470D05BE24C6" otype="Table" vid="C78B7B5E-7BBE-EBE1-BFA0-D2C2B8A83EF0">
<hideElementsInCurrentOnly>false</hideElementsInCurrentOnly>
<bounds x="854" y="72" width="219" height="109"/>
</OView>
<OView class="oracle.dbtools.crest.swingui.relational.TVTable" oid="EBA2F8B8-8072-DDB2-DA4E-AD90CEBB24AF" otype="Table" vid="C9D2D2CC-7313-C313-AA7D-00BB1FEEDC62">
<hideElementsInCurrentOnly>false</hideElementsInCurrentOnly>
<bounds x="308" y="72" width="205" height="143"/>
</OView>
<OView class="oracle.dbtools.crest.swingui.relational.TVTable" oid="FFBD2501-1A6F-F2AC-783A-629F64B317DD" otype="Table" vid="027894E7-C0CF-77C4-CF09-20F2F3A5CABD">
<hideElementsInCurrentOnly>false</hideElementsInCurrentOnly>
<bounds x="655" y="522" width="176" height="144"/>
</OView>
</objectViews>
<connectors>
<Connector class="oracle.dbtools.crest.swingui.relational.TVFKRelation" oid="1081E5FC-4368-439A-DDDE-899CDAEADE3E" otype="FKIndexAssociation" vid_source="027894E7-C0CF-77C4-CF09-20F2F3A5CABD" vid_target="0E5FE8CC-7C4E-7D62-26BD-BC8B3DD96FDB">
<hideElementsInCurrentOnly>false</hideElementsInCurrentOnly>
<backgroundColor>-16777216</backgroundColor>
<lineWidth>1</lineWidth>
<points>
<point x="749" y="522"/>
<point x="749" y="449"/>
</points>
</Connector>
<Connector class="oracle.dbtools.crest.swingui.relational.TVFKRelation" oid="16D440FB-97FE-AC92-36DD-5B5DD2E5759A" otype="FKIndexAssociation" vid_source="56812BFA-2268-A1CC-6BF0-FA78FB7D1588" vid_target="140CA28C-4A5D-65F8-AB37-D2E235F8293A">
<hideElementsInCurrentOnly>false</hideElementsInCurrentOnly>
<backgroundColor>-16777216</backgroundColor>
<lineWidth>1</lineWidth>
<points>
<point x="1243" y="387"/>
<point x="1243" y="331"/>
</points>
</Connector>
<Connector class="oracle.dbtools.crest.swingui.relational.TVFKRelation" oid="26499EC2-062D-8CEF-9FD9-B5715F73EC6D" otype="FKIndexAssociation" vid_source="027894E7-C0CF-77C4-CF09-20F2F3A5CABD" vid_target="958BC19B-FC7F-47DB-EC7F-EDD35A627F61">
<hideElementsInCurrentOnly>false</hideElementsInCurrentOnly>
<backgroundColor>-16777216</backgroundColor>
<lineWidth>1</lineWidth>
<points>
<point x="751" y="666"/>
<point x="751" y="738"/>
<point x="560" y="738"/>
</points>
</Connector>
<Connector class="oracle.dbtools.crest.swingui.relational.TVFKRelation" oid="3F8E6D65-016C-D670-4C75-AF651665A157" otype="FKIndexAssociation" vid_source="C78B7B5E-7BBE-EBE1-BFA0-D2C2B8A83EF0" vid_target="140CA28C-4A5D-65F8-AB37-D2E235F8293A">
<hideElementsInCurrentOnly>false</hideElementsInCurrentOnly>
<backgroundColor>-16777216</backgroundColor>
<lineWidth>1</lineWidth>
<points>
<point x="1073" y="161"/>
<point x="1143" y="161"/>
</points>
</Connector>
<Connector class="oracle.dbtools.crest.swingui.relational.TVFKRelation" oid="4A712526-4271-B1F7-69EC-A5C62AC34F7E" otype="FKIndexAssociation" vid_source="140CA28C-4A5D-65F8-AB37-D2E235F8293A" vid_target="343AB253-8ECF-EFED-188A-946AE18B495B">
<hideElementsInCurrentOnly>false</hideElementsInCurrentOnly>
<backgroundColor>-16777216</backgroundColor>
<lineWidth>1</lineWidth>
<points>
<point x="1143" y="331"/>
<point x="1119" y="361"/>
<point x="1119" y="768"/>
</points>
</Connector>
<Connector class="oracle.dbtools.crest.swingui.relational.TVFKRelation" oid="4CAFA2B7-982D-A787-A18F-1C6A5471FC40" otype="FKIndexAssociation" vid_source="B9A6AC05-0B1E-CF7A-BD04-E8519F7976FA" vid_target="027894E7-C0CF-77C4-CF09-20F2F3A5CABD">
<hideElementsInCurrentOnly>false</hideElementsInCurrentOnly>
<backgroundColor>-16777216</backgroundColor>
<lineWidth>1</lineWidth>
<points>
<point x="951" y="594"/>
<point x="902" y="594"/>
<point x="840" y="593"/>
<point x="831" y="593"/>
</points>
</Connector>
<Connector class="oracle.dbtools.crest.swingui.relational.TVFKRelation" oid="4DB20B76-2CD0-4B98-CBE7-61E42143B60C" otype="FKIndexAssociation" vid_source="14504438-0DC7-DDED-2F08-7123F6BC832D" vid_target="61A74230-2830-5505-FEAF-B5F74FACF396">
<hideElementsInCurrentOnly>false</hideElementsInCurrentOnly>
<backgroundColor>-16777216</backgroundColor>
<lineWidth>1</lineWidth>
<points>
<point x="312" y="544"/>
<point x="195" y="544"/>
</points>
</Connector>
<Connector class="oracle.dbtools.crest.swingui.relational.TVFKRelation" oid="5335C7FE-67DD-7A1A-5DC5-84F19E8B6E57" otype="FKIndexAssociation" vid_source="D7C9A71F-D9AC-D8CD-C543-D092EEF7D56F" vid_target="56812BFA-2268-A1CC-6BF0-FA78FB7D1588">
<hideElementsInCurrentOnly>false</hideElementsInCurrentOnly>
<backgroundColor>-16777216</backgroundColor>
<lineWidth>1</lineWidth>
<points>
<point x="1397" y="419"/>
<point x="1347" y="419"/>
</points>
</Connector>
<Connector class="oracle.dbtools.crest.swingui.relational.TVFKRelation" oid="61FB2DE6-9A5B-A610-D7F8-EFBBCA5FD5C4" otype="FKIndexAssociation" vid_source="94F5CA5D-295B-9A34-41F2-8203D20CB8C4" vid_target="0E5FE8CC-7C4E-7D62-26BD-BC8B3DD96FDB">
<hideElementsInCurrentOnly>false</hideElementsInCurrentOnly>
<backgroundColor>-16777216</backgroundColor>
<lineWidth>1</lineWidth>
<points>
<point x="714" y="191"/>
<point x="714" y="317"/>
</points>
</Connector>
<Connector class="oracle.dbtools.crest.swingui.relational.TVFKRelation" oid="708115CD-97CE-4D3B-DE9D-3DFE812A5C19" otype="FKIndexAssociation" vid_source="94F5CA5D-295B-9A34-41F2-8203D20CB8C4" vid_target="958BC19B-FC7F-47DB-EC7F-EDD35A627F61">
<hideElementsInCurrentOnly>false</hideElementsInCurrentOnly>
<backgroundColor>-16777216</backgroundColor>
<lineWidth>1</lineWidth>
<points>
<point x="586" y="191"/>
<point x="529" y="273"/>
<point x="529" y="722"/>
</points>
</Connector>
<Connector class="oracle.dbtools.crest.swingui.relational.TVFKRelation" oid="75C9D45D-D906-913B-75F2-1EF368AB1A88" otype="FKIndexAssociation" vid_source="94F5CA5D-295B-9A34-41F2-8203D20CB8C4" vid_target="C78B7B5E-7BBE-EBE1-BFA0-D2C2B8A83EF0">
<hideElementsInCurrentOnly>false</hideElementsInCurrentOnly>
<backgroundColor>-16777216</backgroundColor>
<lineWidth>1</lineWidth>
<points>
<point x="761" y="126"/>
<point x="854" y="126"/>
</points>
</Connector>
<Connector class="oracle.dbtools.crest.swingui.relational.TVFKRelation" oid="7B6D3008-B119-1EEE-098A-E6B186DB8FF6" otype="FKIndexAssociation" vid_source="C9D2D2CC-7313-C313-AA7D-00BB1FEEDC62" vid_target="94F5CA5D-295B-9A34-41F2-8203D20CB8C4">
<hideElementsInCurrentOnly>false</hideElementsInCurrentOnly>
<backgroundColor>-16777216</backgroundColor>
<lineWidth>1</lineWidth>
<points>
<point x="513" y="146"/>
<point x="586" y="146"/>
</points>
</Connector>
<Connector class="oracle.dbtools.crest.swingui.relational.TVFKRelation" oid="96E7C512-064B-C6E5-2BA3-91E3D12ECD2B" otype="FKIndexAssociation" vid_source="6247035F-8CC8-437D-CD19-84F1E0AA5F85" vid_target="56812BFA-2268-A1CC-6BF0-FA78FB7D1588">
<hideElementsInCurrentOnly>false</hideElementsInCurrentOnly>
<backgroundColor>-16777216</backgroundColor>
<lineWidth>1</lineWidth>
<points>
<point x="1243" y="510"/>
<point x="1243" y="451"/>
</points>
</Connector>
<Connector class="oracle.dbtools.crest.swingui.relational.TVFKRelation" oid="BB38C1BB-A38B-3EE7-1685-99EF56EC7698" otype="FKIndexAssociation" vid_source="B9A6AC05-0B1E-CF7A-BD04-E8519F7976FA" vid_target="C78B7B5E-7BBE-EBE1-BFA0-D2C2B8A83EF0">
<hideElementsInCurrentOnly>false</hideElementsInCurrentOnly>
<backgroundColor>-16777216</backgroundColor>
<lineWidth>1</lineWidth>
<points>
<point x="1012" y="504"/>
<point x="1012" y="181"/>
</points>
</Connector>
<Connector class="oracle.dbtools.crest.swingui.relational.TVFKRelation" oid="C7341E07-BA54-B4FC-6D6B-59DF4B24012D" otype="FKIndexAssociation" vid_source="958BC19B-FC7F-47DB-EC7F-EDD35A627F61" vid_target="343AB253-8ECF-EFED-188A-946AE18B495B">
<hideElementsInCurrentOnly>false</hideElementsInCurrentOnly>
<backgroundColor>-16777216</backgroundColor>
<lineWidth>1</lineWidth>
<points>
<point x="560" y="823"/>
<point x="997" y="820"/>
</points>
</Connector>
<Connector class="oracle.dbtools.crest.swingui.relational.TVFKRelation" oid="D599748F-6436-64EE-4DA3-1DF9A12003D7" otype="FKIndexAssociation" vid_source="C9D2D2CC-7313-C313-AA7D-00BB1FEEDC62" vid_target="20FB7583-0BAF-EFDD-BF0B-B9B13D4F028B">
<hideElementsInCurrentOnly>false</hideElementsInCurrentOnly>
<backgroundColor>-16777216</backgroundColor>
<lineWidth>1</lineWidth>
<points>
<point x="408" y="215"/>
<point x="408" y="312"/>
</points>
</Connector>
<Connector class="oracle.dbtools.crest.swingui.relational.TVFKRelation" oid="F3E63026-C304-9711-5598-F6ED89E3A7A2" otype="FKIndexAssociation" vid_source="6CD54FBA-40A7-594E-9171-9E9D3C7FC3A2" vid_target="61A74230-2830-5505-FEAF-B5F74FACF396">
<hideElementsInCurrentOnly>false</hideElementsInCurrentOnly>
<backgroundColor>-16777216</backgroundColor>
<lineWidth>1</lineWidth>
<points>
<point x="107" y="673"/>
<point x="107" y="568"/>
</points>
</Connector>
<Connector class="oracle.dbtools.crest.swingui.relational.TVFKRelation" oid="F4A7CA0C-F8DD-4DD9-9834-7C5DF17E7ECB" otype="FKIndexAssociation" vid_source="14504438-0DC7-DDED-2F08-7123F6BC832D" vid_target="958BC19B-FC7F-47DB-EC7F-EDD35A627F61">
<hideElementsInCurrentOnly>false</hideElementsInCurrentOnly>
<backgroundColor>-16777216</backgroundColor>
<lineWidth>1</lineWidth>
<points>
<point x="390" y="640"/>
<point x="390" y="782"/>
<point x="416" y="782"/>
</points>
</Connector>
<Connector class="oracle.dbtools.crest.swingui.relational.TVFKRelation" oid="FC762E1D-F47E-FBCD-2A10-FE9853E42B01" otype="FKIndexAssociation" vid_source="20FB7583-0BAF-EFDD-BF0B-B9B13D4F028B" vid_target="14504438-0DC7-DDED-2F08-7123F6BC832D">
<hideElementsInCurrentOnly>false</hideElementsInCurrentOnly>
<backgroundColor>-16777216</backgroundColor>
<lineWidth>1</lineWidth>
<points>
<point x="408" y="433"/>
<point x="408" y="521"/>
</points>
</Connector>
</connectors>
</Diagram>
