<?xml version = '1.0' encoding = 'UTF-8'?>
<relationalModel class="oracle.dbtools.crest.model.design.relational.RelationalDesign" name="Relational_1" id="C9F950A6-D10F-E536-8F13-EFEC390783A6" mainViewID="FD6FBE04-95FB-7AA3-05C0-B919815C06E5">
<createdBy>pzqfranz</createdBy>
<createdTime>2023-05-01 01:57:39 UTC</createdTime>
<ownerDesignName>cui_oraclemodel</ownerDesignName>
<shouldBeOpen>false</shouldBeOpen>
<selectedRDBMSSite>3FD120B5-9F4E-6278-D5E2-746D192C8319</selectedRDBMSSite>
</relationalModel>