<?xml version = '1.0' encoding = 'UTF-8'?>
<Entity class="oracle.dbtools.crest.model.design.logical.Entity" directorySegmentName="seg_0" id="06B96073-D278-4F86-10AF-F46B780ED2B7" name="BINTYPE">
<createdBy>pzqfranz</createdBy>
<createdTime>2023-05-01 03:43:38 UTC</createdTime>
<ownerDesignName>cui_orclemodel</ownerDesignName>
<engineerTo>
<item key="C9F950A6-D10F-E536-8F13-EFEC390783A6" value="true"/>
</engineerTo>
<adequatelyNormalized>NO</adequatelyNormalized>
<expectedVolumes>0</expectedVolumes>
<fwdEngineeringStrategyName>Single Table</fwdEngineeringStrategyName>
<growthPercent>0</growthPercent>
<growthType>Year</growthType>
<maxVolumes>9999999</maxVolumes>
<minVolumes>0</minVolumes>
<normalForm>Third</normalForm>
<attributes itemClass="oracle.dbtools.crest.model.design.logical.Attribute">
<Attribute name="bin_size" id="BF86F000-A3C4-13A1-ED3D-C8C04627ACED">
<createdBy>prana</createdBy>
<createdTime>2023-05-02 10:53:45 UTC</createdTime>
<commentInRDBMS><![CDATA[Bin size]]></commentInRDBMS>
<ownerDesignName>cui_orclemodel</ownerDesignName>
<engineerTo>
<item key="C9F950A6-D10F-E536-8F13-EFEC390783A6" value="true"/>
</engineerTo>
<useDomainConstraints>false</useDomainConstraints>
<use>1</use>
<logicalDatatype>LOGDT019</logicalDatatype>
<dataTypePrecision>3</dataTypePrecision>
<ownDataTypeParameters>,3,</ownDataTypeParameters>
</Attribute>
<Attribute name="bin_standard_cost" id="4CB7E2F2-3178-5758-7AC2-0462EDC19860">
<createdBy>prana</createdBy>
<createdTime>2023-05-02 10:54:47 UTC</createdTime>
<commentInRDBMS><![CDATA[Bin suplly standard cost]]></commentInRDBMS>
<ownerDesignName>cui_orclemodel</ownerDesignName>
<engineerTo>
<item key="C9F950A6-D10F-E536-8F13-EFEC390783A6" value="true"/>
</engineerTo>
<useDomainConstraints>false</useDomainConstraints>
<use>1</use>
<logicalDatatype>LOGDT019</logicalDatatype>
<dataTypePrecision>4</dataTypePrecision>
<ownDataTypeParameters>,4,</ownDataTypeParameters>
</Attribute>
<Attribute name="waste_type_id" id="DCA437F3-3F45-009B-7A9F-2769FFBD99E3">
<createdBy>pzqfranz</createdBy>
<createdTime>2023-05-02 05:46:52 UTC</createdTime>
<commentInRDBMS><![CDATA[Waste type ID]]></commentInRDBMS>
<generatorID>9DB808AE-3090-4644-A229-2EA78686D492</generatorID>
<ownerDesignName>cui_orclemodel</ownerDesignName>
<engineerTo>
<item key="C9F950A6-D10F-E536-8F13-EFEC390783A6" value="true"/>
</engineerTo>
<referedAttribute>61D80C43-6DC7-5563-CB3D-3D545B781F6F</referedAttribute>
<useDomainConstraints>false</useDomainConstraints>
<use>1</use>
<logicalDatatype>LOGDT019</logicalDatatype>
<dataTypePrecision>1</dataTypePrecision>
<ownDataTypeParameters>,1,</ownDataTypeParameters>
</Attribute>
</attributes>
<identifiers itemClass="oracle.dbtools.crest.model.design.logical.CandidateKey">
<identifier id="0934D6C7-1BDB-9F95-5828-90E2DAEA3FA3" name="bt_size PK">
<createdBy>pzqfranz</createdBy>
<createdTime>2023-05-01 03:45:18 UTC</createdTime>
<ownerDesignName>cui_orclemodel</ownerDesignName>
<shouldEngineer>false</shouldEngineer>
<engineerTo>
<item key="C9F950A6-D10F-E536-8F13-EFEC390783A6" value="false"/>
</engineerTo>
<pk>true</pk>
<usedAttributes>
<attributeRef>DCA437F3-3F45-009B-7A9F-2769FFBD99E3</attributeRef>
<attributeRef>BF86F000-A3C4-13A1-ED3D-C8C04627ACED</attributeRef>
</usedAttributes>
</identifier>
</identifiers>
</Entity>
