<?xml version = '1.0' encoding = 'UTF-8'?>
<Entity class="oracle.dbtools.crest.model.design.logical.Entity" directorySegmentName="seg_0" id="102E1617-A151-6228-1BA1-8C01C6C4E2A7" name="DRIVER">
<createdBy>prana</createdBy>
<createdTime>2023-05-02 09:02:12 UTC</createdTime>
<ownerDesignName>cui_orclemodel</ownerDesignName>
<engineerTo>
<item key="C9F950A6-D10F-E536-8F13-EFEC390783A6" value="true"/>
</engineerTo>
<adequatelyNormalized>NO</adequatelyNormalized>
<expectedVolumes>0</expectedVolumes>
<fwdEngineeringStrategyName>Single Table</fwdEngineeringStrategyName>
<growthPercent>0</growthPercent>
<growthType>Year</growthType>
<maxVolumes>9999999</maxVolumes>
<minVolumes>0</minVolumes>
<normalForm>Third</normalForm>
<attributes itemClass="oracle.dbtools.crest.model.design.logical.Attribute">
<Attribute name="driver_num" id="566BDC19-C9F4-E452-6093-D27D0A2BC608">
<createdBy>keziaamandasukardi</createdBy>
<createdTime>2023-05-02 09:19:06 UTC</createdTime>
<commentInRDBMS><![CDATA[driver number]]></commentInRDBMS>
<ownerDesignName>cui_orclemodel</ownerDesignName>
<engineerTo>
<item key="C9F950A6-D10F-E536-8F13-EFEC390783A6" value="true"/>
</engineerTo>
<useDomainConstraints>false</useDomainConstraints>
<use>1</use>
<logicalDatatype>LOGDT019</logicalDatatype>
<dataTypePrecision>2</dataTypePrecision>
<ownDataTypeParameters>,2,</ownDataTypeParameters>
</Attribute>
<Attribute name="driver_lic" id="8CBBEE6C-60FE-9B3D-4CFC-724F815839B8">
<createdBy>keziaamandasukardi</createdBy>
<createdTime>2023-05-02 09:20:35 UTC</createdTime>
<commentInRDBMS><![CDATA[driver licence number]]></commentInRDBMS>
<ownerDesignName>cui_orclemodel</ownerDesignName>
<engineerTo>
<item key="C9F950A6-D10F-E536-8F13-EFEC390783A6" value="true"/>
</engineerTo>
<useDomainConstraints>false</useDomainConstraints>
<use>1</use>
<logicalDatatype>LOGDT019</logicalDatatype>
<dataTypePrecision>9</dataTypePrecision>
<ownDataTypeParameters>,9,</ownDataTypeParameters>
</Attribute>
<Attribute name="driver_fname" id="E7D99371-93EE-CEA0-A665-A5B97D1A5B51">
<createdBy>keziaamandasukardi</createdBy>
<createdTime>2023-05-02 09:21:15 UTC</createdTime>
<commentInRDBMS><![CDATA[driver's first name]]></commentInRDBMS>
<ownerDesignName>cui_orclemodel</ownerDesignName>
<engineerTo>
<item key="C9F950A6-D10F-E536-8F13-EFEC390783A6" value="true"/>
</engineerTo>
<useDomainConstraints>false</useDomainConstraints>
<use>1</use>
<logicalDatatype>LOGDT024</logicalDatatype>
<dataTypeSize>10</dataTypeSize>
<ownDataTypeParameters>10,,</ownDataTypeParameters>
</Attribute>
<Attribute name="driver_lname" id="FF720E14-CA7E-BA5F-B1FC-F6DE2E337343">
<createdBy>keziaamandasukardi</createdBy>
<createdTime>2023-05-02 09:21:58 UTC</createdTime>
<commentInRDBMS><![CDATA[driver's first name]]></commentInRDBMS>
<ownerDesignName>cui_orclemodel</ownerDesignName>
<engineerTo>
<item key="C9F950A6-D10F-E536-8F13-EFEC390783A6" value="true"/>
</engineerTo>
<useDomainConstraints>false</useDomainConstraints>
<use>1</use>
<logicalDatatype>LOGDT024</logicalDatatype>
<dataTypeSize>10</dataTypeSize>
<ownDataTypeParameters>10,,</ownDataTypeParameters>
</Attribute>
<Attribute name="driver_dob" id="AB85B14F-B427-C8F5-39AA-747362671CD0">
<createdBy>keziaamandasukardi</createdBy>
<createdTime>2023-05-02 09:25:55 UTC</createdTime>
<commentInRDBMS><![CDATA[driver's date of birth]]></commentInRDBMS>
<ownerDesignName>cui_orclemodel</ownerDesignName>
<engineerTo>
<item key="C9F950A6-D10F-E536-8F13-EFEC390783A6" value="true"/>
</engineerTo>
<useDomainConstraints>false</useDomainConstraints>
<use>1</use>
<logicalDatatype>LOGDT024</logicalDatatype>
<dataTypeSize>10 CHAR</dataTypeSize>
<ownDataTypeParameters>10 CHAR,,</ownDataTypeParameters>
</Attribute>
<Attribute name="driver_tax_num" id="4545F50F-8BAB-76BD-CB6D-231A6388323F">
<createdBy>keziaamandasukardi</createdBy>
<createdTime>2023-05-02 09:26:51 UTC</createdTime>
<commentInRDBMS><![CDATA[driver's tax file number]]></commentInRDBMS>
<ownerDesignName>cui_orclemodel</ownerDesignName>
<engineerTo>
<item key="C9F950A6-D10F-E536-8F13-EFEC390783A6" value="true"/>
</engineerTo>
<useDomainConstraints>false</useDomainConstraints>
<use>1</use>
<logicalDatatype>LOGDT019</logicalDatatype>
<dataTypePrecision>9</dataTypePrecision>
<ownDataTypeParameters>,9,</ownDataTypeParameters>
</Attribute>
<Attribute name="driver_cont_num" id="3C4A2EAB-77D5-5919-CAE0-910FF95D50A3">
<createdBy>keziaamandasukardi</createdBy>
<createdTime>2023-05-02 09:27:45 UTC</createdTime>
<commentInRDBMS><![CDATA[driver's contact number]]></commentInRDBMS>
<ownerDesignName>cui_orclemodel</ownerDesignName>
<engineerTo>
<item key="C9F950A6-D10F-E536-8F13-EFEC390783A6" value="true"/>
</engineerTo>
<useDomainConstraints>false</useDomainConstraints>
<use>1</use>
<logicalDatatype>LOGDT019</logicalDatatype>
<dataTypePrecision>10</dataTypePrecision>
<ownDataTypeParameters>,10,</ownDataTypeParameters>
</Attribute>
</attributes>
<identifiers itemClass="oracle.dbtools.crest.model.design.logical.CandidateKey">
<identifier id="4F6AC1C3-274C-6BB7-6082-952D49D14366" name="DRIVER PK">
<createdBy>keziaamandasukardi</createdBy>
<createdTime>2023-05-02 09:19:32 UTC</createdTime>
<ownerDesignName>cui_orclemodel</ownerDesignName>
<shouldEngineer>false</shouldEngineer>
<engineerTo>
<item key="C9F950A6-D10F-E536-8F13-EFEC390783A6" value="false"/>
</engineerTo>
<pk>true</pk>
<usedAttributes>
<attributeRef>566BDC19-C9F4-E452-6093-D27D0A2BC608</attributeRef>
</usedAttributes>
</identifier>
</identifiers>
</Entity>
