<?xml version = '1.0' encoding = 'UTF-8'?>
<Entity class="oracle.dbtools.crest.model.design.logical.Entity" directorySegmentName="seg_0" id="1A4EF6DC-107B-685E-93DC-A0037FAD0166" name="CONTRACT_BIN_TYPE">
<createdBy>pzqfranz</createdBy>
<createdTime>2023-05-01 03:40:17 UTC</createdTime>
<ownerDesignName>cui_orclemodel</ownerDesignName>
<engineerTo>
<item key="B525CEB7-FE5E-E47B-173C-64A11BEF998C" value="true"/>
</engineerTo>
<adequatelyNormalized>NO</adequatelyNormalized>
<expectedVolumes>0</expectedVolumes>
<fwdEngineeringStrategyName>Single Table</fwdEngineeringStrategyName>
<growthPercent>0</growthPercent>
<growthType>Year</growthType>
<maxVolumes>9999999</maxVolumes>
<minVolumes>0</minVolumes>
<normalForm>Third</normalForm>
<attributes itemClass="oracle.dbtools.crest.model.design.logical.Attribute">
<Attribute name="contract_bin_supplycost" id="E99E2BA1-BDD5-91A0-E736-EEEFE9A00D37">
<createdBy>pzqfranz</createdBy>
<createdTime>2023-05-01 03:41:01 UTC</createdTime>
<commentInRDBMS><![CDATA[supply cost of the bin type in the contract]]></commentInRDBMS>
<ownerDesignName>cui_orclemodel</ownerDesignName>
<engineerTo>
<item key="B525CEB7-FE5E-E47B-173C-64A11BEF998C" value="true"/>
</engineerTo>
<useDomainConstraints>false</useDomainConstraints>
<use>1</use>
<logicalDatatype>LOGDT019</logicalDatatype>
<dataTypePrecision>6</dataTypePrecision>
<dataTypeScale>2</dataTypeScale>
<ownDataTypeParameters>,6,2</ownDataTypeParameters>
</Attribute>
<Attribute name="waste_type_id" id="19759D9F-5037-E878-0A47-AB6A9E3E5688">
<createdBy>pzqfranz</createdBy>
<createdTime>2023-05-02 05:46:52 UTC</createdTime>
<commentInRDBMS><![CDATA[Waste type ID]]></commentInRDBMS>
<generatorID>4C97C0EC-2337-AE59-4165-68DBDC42478A</generatorID>
<ownerDesignName>cui_orclemodel</ownerDesignName>
<engineerTo>
<item key="B525CEB7-FE5E-E47B-173C-64A11BEF998C" value="true"/>
</engineerTo>
<referedAttribute>DCA437F3-3F45-009B-7A9F-2769FFBD99E3</referedAttribute>
<useDomainConstraints>false</useDomainConstraints>
<use>1</use>
<logicalDatatype>LOGDT019</logicalDatatype>
<dataTypePrecision>1</dataTypePrecision>
<dataTypeSize>7</dataTypeSize>
<ownDataTypeParameters>7,1,</ownDataTypeParameters>
</Attribute>
<Attribute name="bin_size" id="C8F08B4A-5558-0604-466B-6D1E52C191CC">
<createdBy>prana</createdBy>
<createdTime>2023-05-02 10:55:42 UTC</createdTime>
<commentInRDBMS><![CDATA[Bin size]]></commentInRDBMS>
<generatorID>4C97C0EC-2337-AE59-4165-68DBDC42478A</generatorID>
<ownerDesignName>cui_orclemodel</ownerDesignName>
<engineerTo>
<item key="B525CEB7-FE5E-E47B-173C-64A11BEF998C" value="true"/>
</engineerTo>
<referedAttribute>BF86F000-A3C4-13A1-ED3D-C8C04627ACED</referedAttribute>
<useDomainConstraints>false</useDomainConstraints>
<use>1</use>
<logicalDatatype>LOGDT019</logicalDatatype>
<dataTypePrecision>3</dataTypePrecision>
<ownDataTypeParameters>,3,</ownDataTypeParameters>
</Attribute>
<Attribute name="con_num" id="65D84B16-601E-ADC1-8E6A-95FDFA4C4A4E">
<createdBy>prana</createdBy>
<createdTime>2023-05-03 03:22:23 UTC</createdTime>
<commentInRDBMS><![CDATA[Contract number.]]></commentInRDBMS>
<generatorID>2384A2B5-DB14-70BE-37AC-92B967899E1B</generatorID>
<ownerDesignName>cui_orclemodel</ownerDesignName>
<engineerTo>
<item key="B525CEB7-FE5E-E47B-173C-64A11BEF998C" value="true"/>
</engineerTo>
<referedAttribute>6DEAF9A7-F1D6-30B5-0061-606744847B98</referedAttribute>
<useDomainConstraints>false</useDomainConstraints>
<use>1</use>
<logicalDatatype>LOGDT019</logicalDatatype>
<dataTypePrecision>4</dataTypePrecision>
<ownDataTypeParameters>,,</ownDataTypeParameters>
</Attribute>
</attributes>
<identifiers itemClass="oracle.dbtools.crest.model.design.logical.CandidateKey">
<identifier id="805981E3-19E7-D880-F4F1-2EFBB4F599FD" name="CONBINTYPE PK">
<createdBy>pzqfranz</createdBy>
<createdTime>2023-05-02 04:01:36 UTC</createdTime>
<ownerDesignName>cui_orclemodel</ownerDesignName>
<engineerTo>
<item key="B525CEB7-FE5E-E47B-173C-64A11BEF998C" value="true"/>
</engineerTo>
<pk>true</pk>
<usedAttributes>
<attributeRef>19759D9F-5037-E878-0A47-AB6A9E3E5688</attributeRef>
<attributeRef>C8F08B4A-5558-0604-466B-6D1E52C191CC</attributeRef>
<attributeRef>65D84B16-601E-ADC1-8E6A-95FDFA4C4A4E</attributeRef>
</usedAttributes>
</identifier>
</identifiers>
</Entity>
