<?xml version = '1.0' encoding = 'UTF-8'?>
<Entity class="oracle.dbtools.crest.model.design.logical.Entity" directorySegmentName="seg_0" id="6D4BE350-2509-1A76-3D15-4337B8CB04D3" name="CONTRACT_WASTE_TYPE">
<createdBy>pzqfranz</createdBy>
<createdTime>2023-05-01 03:52:02 UTC</createdTime>
<ownerDesignName>cui_orclemodel</ownerDesignName>
<engineerTo>
<item key="B525CEB7-FE5E-E47B-173C-64A11BEF998C" value="true"/>
</engineerTo>
<adequatelyNormalized>NO</adequatelyNormalized>
<expectedVolumes>0</expectedVolumes>
<fwdEngineeringStrategyName>Single Table</fwdEngineeringStrategyName>
<growthPercent>0</growthPercent>
<growthType>Year</growthType>
<maxVolumes>9999999</maxVolumes>
<minVolumes>0</minVolumes>
<normalForm>Third</normalForm>
<attributes itemClass="oracle.dbtools.crest.model.design.logical.Attribute">
<Attribute name="contract_waste_type_cost" id="B6C00105-E830-3F8F-E01E-67FD14AD7121">
<createdBy>pzqfranz</createdBy>
<createdTime>2023-05-01 03:53:14 UTC</createdTime>
<commentInRDBMS><![CDATA[cost of waste type in the contract]]></commentInRDBMS>
<ownerDesignName>cui_orclemodel</ownerDesignName>
<engineerTo>
<item key="B525CEB7-FE5E-E47B-173C-64A11BEF998C" value="true"/>
</engineerTo>
<useDomainConstraints>false</useDomainConstraints>
<use>1</use>
<logicalDatatype>LOGDT019</logicalDatatype>
<dataTypePrecision>6</dataTypePrecision>
<dataTypeScale>2</dataTypeScale>
<ownDataTypeParameters>,6,2</ownDataTypeParameters>
</Attribute>
<Attribute name="contect_waste_type_frequency" id="5894E8B5-D902-39F9-7B1B-2F381037B44C">
<createdBy>prana</createdBy>
<createdTime>2023-05-02 11:05:48 UTC</createdTime>
<commentInRDBMS><![CDATA[Frequency of collection of the waste]]></commentInRDBMS>
<ownerDesignName>cui_orclemodel</ownerDesignName>
<engineerTo>
<item key="B525CEB7-FE5E-E47B-173C-64A11BEF998C" value="true"/>
</engineerTo>
<constraintName>waste_coll_freq</constraintName>
<useDomainConstraints>false</useDomainConstraints>
<use>1</use>
<logicalDatatype>LOGDT019</logicalDatatype>
<dataTypePrecision>1</dataTypePrecision>
<listOfValues>
<valueDef value="1" description="Weekly"/>
<valueDef value="2" description="Fortnightly"/>
<valueDef value="3" description="Monthly"/>
</listOfValues>
<ownDataTypeParameters>,1,</ownDataTypeParameters>
</Attribute>
<Attribute name="waste_type_id" id="E508A72C-15D5-B643-A1D0-03FD2931009A">
<createdBy>prana</createdBy>
<createdTime>2023-05-02 11:10:43 UTC</createdTime>
<commentInRDBMS><![CDATA[Waste type ID]]></commentInRDBMS>
<generatorID>A77DACC4-D617-47AE-F1C1-CCE878176594</generatorID>
<ownerDesignName>cui_orclemodel</ownerDesignName>
<engineerTo>
<item key="B525CEB7-FE5E-E47B-173C-64A11BEF998C" value="true"/>
</engineerTo>
<referedAttribute>61D80C43-6DC7-5563-CB3D-3D545B781F6F</referedAttribute>
<useDomainConstraints>false</useDomainConstraints>
<use>1</use>
<logicalDatatype>LOGDT019</logicalDatatype>
<dataTypePrecision>1</dataTypePrecision>
<dataTypeSize>2 CHAR</dataTypeSize>
<ownDataTypeParameters>2 CHAR,1,</ownDataTypeParameters>
</Attribute>
<Attribute name="con_num" id="AEF7B271-9599-0067-4C3C-770DB4901B11">
<createdBy>prana</createdBy>
<createdTime>2023-05-03 03:21:45 UTC</createdTime>
<commentInRDBMS><![CDATA[Contract number.]]></commentInRDBMS>
<generatorID>746C4FD3-D66C-F20F-2924-36BDFAE23283</generatorID>
<ownerDesignName>cui_orclemodel</ownerDesignName>
<engineerTo>
<item key="B525CEB7-FE5E-E47B-173C-64A11BEF998C" value="true"/>
</engineerTo>
<referedAttribute>6DEAF9A7-F1D6-30B5-0061-606744847B98</referedAttribute>
<useDomainConstraints>false</useDomainConstraints>
<use>1</use>
<logicalDatatype>LOGDT019</logicalDatatype>
<dataTypePrecision>4</dataTypePrecision>
<ownDataTypeParameters>,,</ownDataTypeParameters>
</Attribute>
</attributes>
<identifiers itemClass="oracle.dbtools.crest.model.design.logical.CandidateKey">
<identifier id="AD400E76-0DF1-70AF-9AE0-C699D387BAD7" name="CONWASTEYPE PK">
<createdBy>prana</createdBy>
<createdTime>2023-05-02 11:07:25 UTC</createdTime>
<ownerDesignName>cui_orclemodel</ownerDesignName>
<engineerTo>
<item key="B525CEB7-FE5E-E47B-173C-64A11BEF998C" value="true"/>
</engineerTo>
<pk>true</pk>
<usedAttributes>
<attributeRef>E508A72C-15D5-B643-A1D0-03FD2931009A</attributeRef>
<attributeRef>AEF7B271-9599-0067-4C3C-770DB4901B11</attributeRef>
</usedAttributes>
</identifier>
</identifiers>
</Entity>
