<?xml version = '1.0' encoding = 'UTF-8'?>
<Entity class="oracle.dbtools.crest.model.design.logical.Entity" directorySegmentName="seg_0" id="6E56EEEE-FCBD-67DD-C168-77FC332EB4BE" name="OWNERPROP">
<createdBy>pzqfranz</createdBy>
<createdTime>2023-05-02 03:56:42 UTC</createdTime>
<ownerDesignName>cui_orclemodel</ownerDesignName>
<engineerTo>
<item key="C9F950A6-D10F-E536-8F13-EFEC390783A6" value="true"/>
</engineerTo>
<adequatelyNormalized>NO</adequatelyNormalized>
<expectedVolumes>0</expectedVolumes>
<fwdEngineeringStrategyName>Single Table</fwdEngineeringStrategyName>
<growthPercent>0</growthPercent>
<growthType>Year</growthType>
<maxVolumes>9999999</maxVolumes>
<minVolumes>0</minVolumes>
<normalForm>Third</normalForm>
<attributes itemClass="oracle.dbtools.crest.model.design.logical.Attribute">
<Attribute name="owner_id" id="3C8C3777-2CE7-B22D-E4C4-755A5D4329A3">
<createdBy>pzqfranz</createdBy>
<createdTime>2023-05-02 04:16:40 UTC</createdTime>
<commentInRDBMS><![CDATA[owner id]]></commentInRDBMS>
<generatorID>E4DA37D7-0B11-9AFA-79F6-1E442AEA6A9A</generatorID>
<ownerDesignName>cui_orclemodel</ownerDesignName>
<engineerTo>
<item key="C9F950A6-D10F-E536-8F13-EFEC390783A6" value="true"/>
</engineerTo>
<referedAttribute>16CA6BF4-753F-1F18-7991-E3A11EB837EA</referedAttribute>
<useDomainConstraints>false</useDomainConstraints>
<use>1</use>
<logicalDatatype>LOGDT025</logicalDatatype>
<dataTypeSize>5</dataTypeSize>
<ownDataTypeParameters>5,,</ownDataTypeParameters>
</Attribute>
<Attribute name="prop_num" id="B405AE50-7B07-E211-F24A-E9E57530695F">
<createdBy>prana</createdBy>
<createdTime>2023-05-02 10:36:22 UTC</createdTime>
<commentInRDBMS><![CDATA[property number]]></commentInRDBMS>
<generatorID>A7E31742-07B4-12D0-C4CD-C79042FA0EED</generatorID>
<ownerDesignName>cui_orclemodel</ownerDesignName>
<engineerTo>
<item key="C9F950A6-D10F-E536-8F13-EFEC390783A6" value="true"/>
</engineerTo>
<referedAttribute>B730F011-08B0-478D-8B1B-7D3C64696FC4</referedAttribute>
<useDomainConstraints>false</useDomainConstraints>
<use>1</use>
<logicalDatatype>LOGDT019</logicalDatatype>
<dataTypePrecision>5</dataTypePrecision>
<ownDataTypeParameters>,5,</ownDataTypeParameters>
</Attribute>
</attributes>
<identifiers itemClass="oracle.dbtools.crest.model.design.logical.CandidateKey">
<identifier id="85359440-8F09-8AC6-A7BB-054E306C8AB0" name="OWNERPROP PK">
<createdBy>pzqfranz</createdBy>
<createdTime>2023-05-02 03:59:03 UTC</createdTime>
<ownerDesignName>cui_orclemodel</ownerDesignName>
<shouldEngineer>false</shouldEngineer>
<engineerTo>
<item key="C9F950A6-D10F-E536-8F13-EFEC390783A6" value="false"/>
</engineerTo>
<pk>true</pk>
<usedAttributes>
<attributeRef>3C8C3777-2CE7-B22D-E4C4-755A5D4329A3</attributeRef>
<attributeRef>B405AE50-7B07-E211-F24A-E9E57530695F</attributeRef>
</usedAttributes>
</identifier>
</identifiers>
</Entity>
