<?xml version = '1.0' encoding = 'UTF-8'?>
<Entity class="oracle.dbtools.crest.model.design.logical.Entity" directorySegmentName="seg_0" id="75EE6D26-7308-5505-023E-D5138566A23C" name="COLLECTION">
<createdBy>keziaamandasukardi</createdBy>
<createdTime>2023-05-02 11:25:00 UTC</createdTime>
<ownerDesignName>cui_orclemodel</ownerDesignName>
<engineerTo>
<item key="B525CEB7-FE5E-E47B-173C-64A11BEF998C" value="true"/>
</engineerTo>
<adequatelyNormalized>NO</adequatelyNormalized>
<expectedVolumes>0</expectedVolumes>
<fwdEngineeringStrategyName>Single Table</fwdEngineeringStrategyName>
<growthPercent>0</growthPercent>
<growthType>Year</growthType>
<maxVolumes>9999999</maxVolumes>
<minVolumes>0</minVolumes>
<normalForm>Third</normalForm>
<attributes itemClass="oracle.dbtools.crest.model.design.logical.Attribute">
<Attribute name="coll_date" id="806C5C2F-B576-CDF9-00CF-421F5F879C11">
<createdBy>keziaamandasukardi</createdBy>
<createdTime>2023-05-02 11:25:10 UTC</createdTime>
<commentInRDBMS><![CDATA[date of collection]]></commentInRDBMS>
<ownerDesignName>cui_orclemodel</ownerDesignName>
<engineerTo>
<item key="B525CEB7-FE5E-E47B-173C-64A11BEF998C" value="true"/>
</engineerTo>
<useDomainConstraints>false</useDomainConstraints>
<use>1</use>
<logicalDatatype>LOGDT024</logicalDatatype>
<dataTypeSize>20 CHAR</dataTypeSize>
<ownDataTypeParameters>20 CHAR,,</ownDataTypeParameters>
</Attribute>
<Attribute name="waste_type_id" id="6648E79A-BBCE-7B63-BBD1-72416507A23A">
<createdBy>keziaamandasukardi</createdBy>
<createdTime>2023-05-02 11:32:53 UTC</createdTime>
<commentInRDBMS><![CDATA[Waste type ID]]></commentInRDBMS>
<generatorID>D920E47B-6F0F-DB5B-6ADF-3D7D98A482B6</generatorID>
<ownerDesignName>cui_orclemodel</ownerDesignName>
<engineerTo>
<item key="B525CEB7-FE5E-E47B-173C-64A11BEF998C" value="true"/>
</engineerTo>
<referedAttribute>E508A72C-15D5-B643-A1D0-03FD2931009A</referedAttribute>
<useDomainConstraints>false</useDomainConstraints>
<use>1</use>
<logicalDatatype>LOGDT019</logicalDatatype>
<dataTypePrecision>1</dataTypePrecision>
<dataTypeSize>2 CHAR</dataTypeSize>
<ownDataTypeParameters>2 CHAR,1,</ownDataTypeParameters>
</Attribute>
<Attribute name="truck_vin" id="F9C2F3E2-2279-8CBD-EE56-35E645A0FF2A">
<createdBy>keziaamandasukardi</createdBy>
<createdTime>2023-05-02 11:31:33 UTC</createdTime>
<commentInRDBMS><![CDATA[truck vin]]></commentInRDBMS>
<generatorID>0E62180C-74FF-663B-4437-191A0C5D0D02</generatorID>
<ownerDesignName>cui_orclemodel</ownerDesignName>
<engineerTo>
<item key="B525CEB7-FE5E-E47B-173C-64A11BEF998C" value="true"/>
</engineerTo>
<referedAttribute>EAB75425-2640-87AB-8BBA-2B48CD68968C</referedAttribute>
<useDomainConstraints>false</useDomainConstraints>
<use>1</use>
<logicalDatatype>LOGDT024</logicalDatatype>
<dataTypeSize>17 CHAR</dataTypeSize>
<ownDataTypeParameters>17 CHAR,,</ownDataTypeParameters>
</Attribute>
<Attribute name="driver_num" id="D7CB3CD5-9195-5612-AD34-37267A49E8EF">
<createdBy>keziaamandasukardi</createdBy>
<createdTime>2023-05-02 11:32:30 UTC</createdTime>
<commentInRDBMS><![CDATA[driver number]]></commentInRDBMS>
<generatorID>0E62180C-74FF-663B-4437-191A0C5D0D02</generatorID>
<ownerDesignName>cui_orclemodel</ownerDesignName>
<engineerTo>
<item key="B525CEB7-FE5E-E47B-173C-64A11BEF998C" value="true"/>
</engineerTo>
<referedAttribute>E9909291-EB34-ACB5-7340-02985951889C</referedAttribute>
<useDomainConstraints>false</useDomainConstraints>
<use>1</use>
<logicalDatatype>LOGDT019</logicalDatatype>
<dataTypePrecision>2</dataTypePrecision>
<ownDataTypeParameters>,2,</ownDataTypeParameters>
</Attribute>
<Attribute name="con_num" id="8DC9DC8A-BE14-B915-2E59-088AEA0239DA">
<createdBy>prana</createdBy>
<createdTime>2023-05-03 03:21:45 UTC</createdTime>
<commentInRDBMS><![CDATA[Contract number.]]></commentInRDBMS>
<generatorID>D920E47B-6F0F-DB5B-6ADF-3D7D98A482B6</generatorID>
<ownerDesignName>cui_orclemodel</ownerDesignName>
<engineerTo>
<item key="B525CEB7-FE5E-E47B-173C-64A11BEF998C" value="true"/>
</engineerTo>
<referedAttribute>AEF7B271-9599-0067-4C3C-770DB4901B11</referedAttribute>
<useDomainConstraints>false</useDomainConstraints>
<use>1</use>
<logicalDatatype>LOGDT019</logicalDatatype>
<dataTypePrecision>4</dataTypePrecision>
<ownDataTypeParameters>,,</ownDataTypeParameters>
</Attribute>
</attributes>
<identifiers itemClass="oracle.dbtools.crest.model.design.logical.CandidateKey">
<identifier id="F940AFE3-EE5E-E1EE-9631-D32CF00C1F10" name="COLLECTION PK">
<createdBy>keziaamandasukardi</createdBy>
<createdTime>2023-05-02 11:25:24 UTC</createdTime>
<ownerDesignName>cui_orclemodel</ownerDesignName>
<engineerTo>
<item key="B525CEB7-FE5E-E47B-173C-64A11BEF998C" value="true"/>
</engineerTo>
<pk>true</pk>
<usedAttributes>
<attributeRef>806C5C2F-B576-CDF9-00CF-421F5F879C11</attributeRef>
<attributeRef>6648E79A-BBCE-7B63-BBD1-72416507A23A</attributeRef>
<attributeRef>8DC9DC8A-BE14-B915-2E59-088AEA0239DA</attributeRef>
</usedAttributes>
</identifier>
</identifiers>
</Entity>
