<?xml version = '1.0' encoding = 'UTF-8'?>
<Entity class="oracle.dbtools.crest.model.design.logical.Entity" directorySegmentName="seg_0" id="786478CA-5A3C-809B-F2EC-712F829BFE74" name="TRUCK">
<createdBy>keziaamandasukardi</createdBy>
<createdTime>2023-05-02 11:26:32 UTC</createdTime>
<ownerDesignName>cui_orclemodel</ownerDesignName>
<engineerTo>
<item key="C9F950A6-D10F-E536-8F13-EFEC390783A6" value="true"/>
</engineerTo>
<adequatelyNormalized>NO</adequatelyNormalized>
<expectedVolumes>0</expectedVolumes>
<fwdEngineeringStrategyName>Single Table</fwdEngineeringStrategyName>
<growthPercent>0</growthPercent>
<growthType>Year</growthType>
<maxVolumes>9999999</maxVolumes>
<minVolumes>0</minVolumes>
<normalForm>Third</normalForm>
<attributes itemClass="oracle.dbtools.crest.model.design.logical.Attribute">
<Attribute name="truck_vin" id="28A60AC4-0D96-C4B0-5B94-D3E33E8873E2">
<createdBy>keziaamandasukardi</createdBy>
<createdTime>2023-05-02 11:26:37 UTC</createdTime>
<commentInRDBMS><![CDATA[truck vin]]></commentInRDBMS>
<ownerDesignName>cui_orclemodel</ownerDesignName>
<engineerTo>
<item key="C9F950A6-D10F-E536-8F13-EFEC390783A6" value="true"/>
</engineerTo>
<useDomainConstraints>false</useDomainConstraints>
<use>1</use>
<logicalDatatype>LOGDT024</logicalDatatype>
<dataTypeSize>17 CHAR</dataTypeSize>
<ownDataTypeParameters>17 CHAR,,</ownDataTypeParameters>
</Attribute>
<Attribute name="truck_rego" id="74941D0C-85AF-3429-C73E-72B7A4E05C52">
<createdBy>keziaamandasukardi</createdBy>
<createdTime>2023-05-02 11:27:00 UTC</createdTime>
<commentInRDBMS><![CDATA[truck registration number]]></commentInRDBMS>
<ownerDesignName>cui_orclemodel</ownerDesignName>
<engineerTo>
<item key="C9F950A6-D10F-E536-8F13-EFEC390783A6" value="true"/>
</engineerTo>
<useDomainConstraints>false</useDomainConstraints>
<use>1</use>
<logicalDatatype>LOGDT024</logicalDatatype>
<dataTypeSize>10 CHAR</dataTypeSize>
<ownDataTypeParameters>10 CHAR,,</ownDataTypeParameters>
</Attribute>
<Attribute name="truck_make" id="D6DA8198-D5E6-20C3-B0B0-2FE098C0CAB3">
<createdBy>keziaamandasukardi</createdBy>
<createdTime>2023-05-02 11:27:29 UTC</createdTime>
<commentInRDBMS><![CDATA[truck make]]></commentInRDBMS>
<ownerDesignName>cui_orclemodel</ownerDesignName>
<engineerTo>
<item key="C9F950A6-D10F-E536-8F13-EFEC390783A6" value="true"/>
</engineerTo>
<useDomainConstraints>false</useDomainConstraints>
<use>1</use>
<logicalDatatype>LOGDT024</logicalDatatype>
<dataTypeSize>10 CHAR</dataTypeSize>
<ownDataTypeParameters>10 CHAR,,</ownDataTypeParameters>
</Attribute>
<Attribute name="truck_model" id="4714AC32-DFD3-07E2-2A77-5EE77557B10A">
<createdBy>keziaamandasukardi</createdBy>
<createdTime>2023-05-02 11:27:59 UTC</createdTime>
<commentInRDBMS><![CDATA[truck model]]></commentInRDBMS>
<ownerDesignName>cui_orclemodel</ownerDesignName>
<engineerTo>
<item key="C9F950A6-D10F-E536-8F13-EFEC390783A6" value="true"/>
</engineerTo>
<useDomainConstraints>false</useDomainConstraints>
<use>1</use>
<logicalDatatype>LOGDT024</logicalDatatype>
<dataTypeSize>10 CHAR</dataTypeSize>
<ownDataTypeParameters>10 CHAR,,</ownDataTypeParameters>
</Attribute>
<Attribute name="truck_year" id="C03259F2-41AB-009C-2868-8D83B652EB4A">
<createdBy>keziaamandasukardi</createdBy>
<createdTime>2023-05-02 11:28:37 UTC</createdTime>
<commentInRDBMS><![CDATA[year the truck was manufactured]]></commentInRDBMS>
<ownerDesignName>cui_orclemodel</ownerDesignName>
<engineerTo>
<item key="C9F950A6-D10F-E536-8F13-EFEC390783A6" value="true"/>
</engineerTo>
<useDomainConstraints>false</useDomainConstraints>
<use>1</use>
<logicalDatatype>LOGDT019</logicalDatatype>
<dataTypePrecision>4</dataTypePrecision>
<ownDataTypeParameters>,4,</ownDataTypeParameters>
</Attribute>
</attributes>
<identifiers itemClass="oracle.dbtools.crest.model.design.logical.CandidateKey">
<identifier id="9A3AC023-A89D-4826-9A07-DF4B4BEBF63F" name="TRUCK PK">
<createdBy>keziaamandasukardi</createdBy>
<createdTime>2023-05-02 11:26:51 UTC</createdTime>
<ownerDesignName>cui_orclemodel</ownerDesignName>
<shouldEngineer>false</shouldEngineer>
<engineerTo>
<item key="C9F950A6-D10F-E536-8F13-EFEC390783A6" value="false"/>
</engineerTo>
<pk>true</pk>
<usedAttributes>
<attributeRef>28A60AC4-0D96-C4B0-5B94-D3E33E8873E2</attributeRef>
</usedAttributes>
</identifier>
</identifiers>
</Entity>
