<?xml version = '1.0' encoding = 'UTF-8'?>
<Entity class="oracle.dbtools.crest.model.design.logical.Entity" directorySegmentName="seg_0" id="831FCFE3-7890-4A25-0211-F3EB823A1D90" name="AUTH_TRUCK">
<createdBy>keziaamandasukardi</createdBy>
<createdTime>2023-05-02 11:29:10 UTC</createdTime>
<ownerDesignName>cui_orclemodel</ownerDesignName>
<engineerTo>
<item key="C9F950A6-D10F-E536-8F13-EFEC390783A6" value="true"/>
</engineerTo>
<adequatelyNormalized>NO</adequatelyNormalized>
<expectedVolumes>0</expectedVolumes>
<fwdEngineeringStrategyName>Single Table</fwdEngineeringStrategyName>
<growthPercent>0</growthPercent>
<growthType>Year</growthType>
<maxVolumes>9999999</maxVolumes>
<minVolumes>0</minVolumes>
<normalForm>Third</normalForm>
<attributes itemClass="oracle.dbtools.crest.model.design.logical.Attribute">
<Attribute name="approval" id="9333DDFA-1897-382E-198E-EB0422F2E909">
<createdBy>keziaamandasukardi</createdBy>
<createdTime>2023-05-02 11:29:25 UTC</createdTime>
<commentInRDBMS><![CDATA[truck approval]]></commentInRDBMS>
<ownerDesignName>cui_orclemodel</ownerDesignName>
<engineerTo>
<item key="C9F950A6-D10F-E536-8F13-EFEC390783A6" value="true"/>
</engineerTo>
<useDomainConstraints>false</useDomainConstraints>
<use>1</use>
<logicalDatatype>LOGDT024</logicalDatatype>
<dataTypeSize>1 CHAR</dataTypeSize>
<ownDataTypeParameters>1 CHAR,,</ownDataTypeParameters>
</Attribute>
<Attribute name="truck_vin" id="EAB75425-2640-87AB-8BBA-2B48CD68968C">
<createdBy>keziaamandasukardi</createdBy>
<createdTime>2023-05-02 11:30:40 UTC</createdTime>
<commentInRDBMS><![CDATA[truck vin]]></commentInRDBMS>
<generatorID>652FC29E-DE45-30A1-5C9E-757CE3387BF2</generatorID>
<ownerDesignName>cui_orclemodel</ownerDesignName>
<engineerTo>
<item key="C9F950A6-D10F-E536-8F13-EFEC390783A6" value="true"/>
</engineerTo>
<referedAttribute>28A60AC4-0D96-C4B0-5B94-D3E33E8873E2</referedAttribute>
<useDomainConstraints>false</useDomainConstraints>
<use>1</use>
<logicalDatatype>LOGDT024</logicalDatatype>
<dataTypeSize>17 CHAR</dataTypeSize>
<ownDataTypeParameters>17 CHAR,,</ownDataTypeParameters>
</Attribute>
<Attribute name="driver_num" id="E9909291-EB34-ACB5-7340-02985951889C">
<createdBy>keziaamandasukardi</createdBy>
<createdTime>2023-05-02 11:32:30 UTC</createdTime>
<commentInRDBMS><![CDATA[driver number]]></commentInRDBMS>
<generatorID>DC3D7F24-B554-DD82-CC30-47606D2E9418</generatorID>
<ownerDesignName>cui_orclemodel</ownerDesignName>
<engineerTo>
<item key="C9F950A6-D10F-E536-8F13-EFEC390783A6" value="true"/>
</engineerTo>
<referedAttribute>566BDC19-C9F4-E452-6093-D27D0A2BC608</referedAttribute>
<useDomainConstraints>false</useDomainConstraints>
<use>1</use>
<logicalDatatype>LOGDT019</logicalDatatype>
<dataTypePrecision>2</dataTypePrecision>
<ownDataTypeParameters>,2,</ownDataTypeParameters>
</Attribute>
</attributes>
<identifiers itemClass="oracle.dbtools.crest.model.design.logical.CandidateKey">
<identifier id="C1FA15F1-5A83-88A6-3E6C-C1AD5F631958" name="AUTH_TRUCK PK">
<createdBy>keziaamandasukardi</createdBy>
<createdTime>2023-05-02 11:30:40 UTC</createdTime>
<ownerDesignName>cui_orclemodel</ownerDesignName>
<shouldEngineer>false</shouldEngineer>
<engineerTo>
<item key="C9F950A6-D10F-E536-8F13-EFEC390783A6" value="false"/>
</engineerTo>
<pk>true</pk>
<usedAttributes>
<attributeRef>EAB75425-2640-87AB-8BBA-2B48CD68968C</attributeRef>
<attributeRef>E9909291-EB34-ACB5-7340-02985951889C</attributeRef>
</usedAttributes>
</identifier>
</identifiers>
</Entity>
