<?xml version = '1.0' encoding = 'UTF-8'?>
<Entity class="oracle.dbtools.crest.model.design.logical.Entity" directorySegmentName="seg_0" id="A298E340-823B-8644-0230-F03D8D98D63F" name="PROPERTY">
<createdBy>pzqfranz</createdBy>
<createdTime>2023-05-01 03:35:18 UTC</createdTime>
<ownerDesignName>cui_orclemodel</ownerDesignName>
<engineerTo>
<item key="C9F950A6-D10F-E536-8F13-EFEC390783A6" value="true"/>
</engineerTo>
<adequatelyNormalized>NO</adequatelyNormalized>
<expectedVolumes>0</expectedVolumes>
<fwdEngineeringStrategyName>Single Table</fwdEngineeringStrategyName>
<growthPercent>0</growthPercent>
<growthType>Year</growthType>
<maxVolumes>9999999</maxVolumes>
<minVolumes>0</minVolumes>
<normalForm>Third</normalForm>
<attributes itemClass="oracle.dbtools.crest.model.design.logical.Attribute">
<Attribute name="prop_num" id="B730F011-08B0-478D-8B1B-7D3C64696FC4">
<createdBy>prana</createdBy>
<createdTime>2023-05-02 10:32:38 UTC</createdTime>
<commentInRDBMS><![CDATA[property number]]></commentInRDBMS>
<ownerDesignName>cui_orclemodel</ownerDesignName>
<engineerTo>
<item key="C9F950A6-D10F-E536-8F13-EFEC390783A6" value="true"/>
</engineerTo>
<useDomainConstraints>false</useDomainConstraints>
<use>1</use>
<logicalDatatype>LOGDT019</logicalDatatype>
<dataTypePrecision>5</dataTypePrecision>
<ownDataTypeParameters>,5,</ownDataTypeParameters>
</Attribute>
<Attribute name="auth_name" id="9E5D6223-D96A-1A76-963C-4A80B6AE4686">
<createdBy>pzqfranz</createdBy>
<createdTime>2023-05-02 04:31:40 UTC</createdTime>
<commentInRDBMS><![CDATA[authority name
]]></commentInRDBMS>
<generatorID>66452BE9-95BA-A117-A686-A818C40D9998</generatorID>
<ownerDesignName>cui_orclemodel</ownerDesignName>
<engineerTo>
<item key="C9F950A6-D10F-E536-8F13-EFEC390783A6" value="true"/>
</engineerTo>
<referedAttribute>115414B9-F106-467B-E085-599A059C1A79</referedAttribute>
<useDomainConstraints>false</useDomainConstraints>
<use>1</use>
<logicalDatatype>LOGDT024</logicalDatatype>
<dataTypeSize>20</dataTypeSize>
<ownDataTypeParameters>20,,</ownDataTypeParameters>
</Attribute>
<Attribute name="street_id" id="41A3AFCF-7984-56A5-322B-E26698FD265E">
<createdBy>pzqfranz</createdBy>
<createdTime>2023-05-02 04:31:40 UTC</createdTime>
<commentInRDBMS><![CDATA[street id]]></commentInRDBMS>
<generatorID>66452BE9-95BA-A117-A686-A818C40D9998</generatorID>
<ownerDesignName>cui_orclemodel</ownerDesignName>
<engineerTo>
<item key="C9F950A6-D10F-E536-8F13-EFEC390783A6" value="true"/>
</engineerTo>
<referedAttribute>87844064-BE87-FEF0-4E4E-BBEB512D05D7</referedAttribute>
<useDomainConstraints>false</useDomainConstraints>
<use>1</use>
<logicalDatatype>LOGDT025</logicalDatatype>
<dataTypeSize>7</dataTypeSize>
<ownDataTypeParameters>7,,</ownDataTypeParameters>
</Attribute>
<Attribute name="prop_street_num" id="83F3BC69-02D7-05C1-D032-744B78D9C2F9">
<createdBy>pzqfranz</createdBy>
<createdTime>2023-05-01 03:35:42 UTC</createdTime>
<commentInRDBMS><![CDATA[street number of the property]]></commentInRDBMS>
<ownerDesignName>cui_orclemodel</ownerDesignName>
<engineerTo>
<item key="C9F950A6-D10F-E536-8F13-EFEC390783A6" value="true"/>
</engineerTo>
<useDomainConstraints>false</useDomainConstraints>
<use>1</use>
<logicalDatatype>LOGDT019</logicalDatatype>
<dataTypePrecision>5</dataTypePrecision>
<ownDataTypeParameters>,5,</ownDataTypeParameters>
</Attribute>
</attributes>
<identifiers itemClass="oracle.dbtools.crest.model.design.logical.CandidateKey">
<identifier id="322F1590-A728-2256-F709-3641E15C3EEE" name="PROPERTY PK">
<createdBy>pzqfranz</createdBy>
<createdTime>2023-05-01 03:36:22 UTC</createdTime>
<ownerDesignName>cui_orclemodel</ownerDesignName>
<shouldEngineer>false</shouldEngineer>
<engineerTo>
<item key="C9F950A6-D10F-E536-8F13-EFEC390783A6" value="false"/>
</engineerTo>
<pk>true</pk>
<usedAttributes>
<attributeRef>B730F011-08B0-478D-8B1B-7D3C64696FC4</attributeRef>
</usedAttributes>
</identifier>
<identifier id="D6CA789A-894F-169C-70F1-E2722DF28F22" name="PROP_NUM_NK">
<createdBy>prana</createdBy>
<createdTime>2023-05-02 10:42:17 UTC</createdTime>
<ownerDesignName>cui_orclemodel</ownerDesignName>
<shouldEngineer>false</shouldEngineer>
<engineerTo>
<item key="C9F950A6-D10F-E536-8F13-EFEC390783A6" value="false"/>
</engineerTo>
<newElementsIDs>83F3BC69-02D7-05C1-D032-744B78D9C2F9,9E5D6223-D96A-1A76-963C-4A80B6AE4686,41A3AFCF-7984-56A5-322B-E26698FD265E</newElementsIDs>
<usedAttributes>
<attributeRef>83F3BC69-02D7-05C1-D032-744B78D9C2F9</attributeRef>
<attributeRef>9E5D6223-D96A-1A76-963C-4A80B6AE4686</attributeRef>
<attributeRef>41A3AFCF-7984-56A5-322B-E26698FD265E</attributeRef>
</usedAttributes>
</identifier>
</identifiers>
</Entity>
