<?xml version = '1.0' encoding = 'UTF-8'?>
<Entity class="oracle.dbtools.crest.model.design.logical.Entity" directorySegmentName="seg_0" id="A3902C44-2F25-410C-A2B7-059CC3ADDBBE" name="WASTETYPE">
<createdBy>pzqfranz</createdBy>
<createdTime>2023-05-02 03:46:40 UTC</createdTime>
<ownerDesignName>cui_orclemodel</ownerDesignName>
<engineerTo>
<item key="B525CEB7-FE5E-E47B-173C-64A11BEF998C" value="true"/>
</engineerTo>
<adequatelyNormalized>NO</adequatelyNormalized>
<expectedVolumes>0</expectedVolumes>
<fwdEngineeringStrategyName>Single Table</fwdEngineeringStrategyName>
<growthPercent>0</growthPercent>
<growthType>Year</growthType>
<maxVolumes>9999999</maxVolumes>
<minVolumes>0</minVolumes>
<normalForm>Third</normalForm>
<attributes itemClass="oracle.dbtools.crest.model.design.logical.Attribute">
<Attribute name="waste_type_id" id="61D80C43-6DC7-5563-CB3D-3D545B781F6F">
<createdBy>pzqfranz</createdBy>
<createdTime>2023-05-02 03:47:45 UTC</createdTime>
<commentInRDBMS><![CDATA[Waste type ID]]></commentInRDBMS>
<ownerDesignName>cui_orclemodel</ownerDesignName>
<engineerTo>
<item key="B525CEB7-FE5E-E47B-173C-64A11BEF998C" value="true"/>
</engineerTo>
<useDomainConstraints>false</useDomainConstraints>
<use>1</use>
<logicalDatatype>LOGDT019</logicalDatatype>
<dataTypePrecision>1</dataTypePrecision>
<listOfValues>
<valueDef value="1" description="GW"/>
<valueDef value="2" description="L"/>
<valueDef value="3" description="SR"/>
<valueDef value="4" description="G"/>
</listOfValues>
<ownDataTypeParameters>,1,</ownDataTypeParameters>
</Attribute>
<Attribute name="waste_type_desc" id="F3059DF8-CACD-54A1-0FA5-280B74316CA0">
<createdBy>pzqfranz</createdBy>
<createdTime>2023-05-02 03:48:44 UTC</createdTime>
<commentInRDBMS><![CDATA[Waste type description]]></commentInRDBMS>
<ownerDesignName>cui_orclemodel</ownerDesignName>
<engineerTo>
<item key="B525CEB7-FE5E-E47B-173C-64A11BEF998C" value="true"/>
</engineerTo>
<useDomainConstraints>false</useDomainConstraints>
<use>1</use>
<logicalDatatype>LOGDT019</logicalDatatype>
<dataTypePrecision>1</dataTypePrecision>
<listOfValues>
<valueDef value="1" description="Green Waste"/>
<valueDef value="2" description="Landfill"/>
<valueDef value="3" description="Standard Recycle"/>
<valueDef value="4" description="Glass"/>
</listOfValues>
<ownDataTypeParameters>,1,</ownDataTypeParameters>
</Attribute>
</attributes>
<identifiers itemClass="oracle.dbtools.crest.model.design.logical.CandidateKey">
<identifier id="3F1FB24A-322D-766F-45B5-4B06A40A7E85" name="WASTETYPE PK">
<createdBy>pzqfranz</createdBy>
<createdTime>2023-05-02 03:59:28 UTC</createdTime>
<ownerDesignName>cui_orclemodel</ownerDesignName>
<engineerTo>
<item key="B525CEB7-FE5E-E47B-173C-64A11BEF998C" value="true"/>
</engineerTo>
<pk>true</pk>
<usedAttributes>
<attributeRef>61D80C43-6DC7-5563-CB3D-3D545B781F6F</attributeRef>
</usedAttributes>
</identifier>
</identifiers>
</Entity>
