<?xml version = '1.0' encoding = 'UTF-8'?>
<Entity class="oracle.dbtools.crest.model.design.logical.Entity" directorySegmentName="seg_0" id="B4E70E92-6064-35D5-85CD-258C288BF90C" name="BIN">
<createdBy>pzqfranz</createdBy>
<createdTime>2023-05-01 03:47:00 UTC</createdTime>
<ownerDesignName>cui_orclemodel</ownerDesignName>
<engineerTo>
<item key="B525CEB7-FE5E-E47B-173C-64A11BEF998C" value="true"/>
</engineerTo>
<adequatelyNormalized>NO</adequatelyNormalized>
<expectedVolumes>0</expectedVolumes>
<fwdEngineeringStrategyName>Single Table</fwdEngineeringStrategyName>
<growthPercent>0</growthPercent>
<growthType>Year</growthType>
<maxVolumes>9999999</maxVolumes>
<minVolumes>0</minVolumes>
<normalForm>Third</normalForm>
<attributes itemClass="oracle.dbtools.crest.model.design.logical.Attribute">
<Attribute name="bin_rfid" id="2D44D777-37A1-78DB-2146-F1C760F695D9">
<createdBy>pzqfranz</createdBy>
<createdTime>2023-05-01 03:47:09 UTC</createdTime>
<commentInRDBMS><![CDATA[bin rfid]]></commentInRDBMS>
<ownerDesignName>cui_orclemodel</ownerDesignName>
<engineerTo>
<item key="B525CEB7-FE5E-E47B-173C-64A11BEF998C" value="true"/>
</engineerTo>
<useDomainConstraints>false</useDomainConstraints>
<use>1</use>
<logicalDatatype>LOGDT024</logicalDatatype>
<dataTypeSize>16 CHAR</dataTypeSize>
<ownDataTypeParameters>16 CHAR,,</ownDataTypeParameters>
</Attribute>
<Attribute name="bin_supply_date" id="2BBA4A1B-B90D-C39E-C428-14E066772E85">
<createdBy>pzqfranz</createdBy>
<createdTime>2023-05-01 03:48:27 UTC</createdTime>
<commentInRDBMS><![CDATA[bin supply date]]></commentInRDBMS>
<ownerDesignName>cui_orclemodel</ownerDesignName>
<engineerTo>
<item key="B525CEB7-FE5E-E47B-173C-64A11BEF998C" value="true"/>
</engineerTo>
<useDomainConstraints>false</useDomainConstraints>
<use>1</use>
<logicalDatatype>LOGDT007</logicalDatatype>
<ownDataTypeParameters>,,</ownDataTypeParameters>
</Attribute>
<Attribute name="bin_replace_reason" id="E8D4643C-C7C9-4AA1-519E-8294C5924E57">
<createdBy>pzqfranz</createdBy>
<createdTime>2023-05-01 03:49:23 UTC</createdTime>
<commentInRDBMS><![CDATA[replacement reson of the bin]]></commentInRDBMS>
<ownerDesignName>cui_orclemodel</ownerDesignName>
<engineerTo>
<item key="B525CEB7-FE5E-E47B-173C-64A11BEF998C" value="true"/>
</engineerTo>
<constraintName>bin_replacement_reason</constraintName>
<nullsAllowed>true</nullsAllowed>
<useDomainConstraints>false</useDomainConstraints>
<use>1</use>
<logicalDatatype>LOGDT019</logicalDatatype>
<dataTypePrecision>1</dataTypePrecision>
<listOfValues>
<valueDef value="1" description="Damaged by owner"/>
<valueDef value="2" description="Bin Failure"/>
<valueDef value="3" description="Damaged during pick up of waste"/>
<valueDef value="4" description="Stolen"/>
</listOfValues>
<ownDataTypeParameters>,1,</ownDataTypeParameters>
</Attribute>
<Attribute name="bin_actual_supplycost" id="AD318E31-CE12-151F-02A2-A7CC3ABAD50F">
<createdBy>pzqfranz</createdBy>
<createdTime>2023-05-02 06:15:30 UTC</createdTime>
<commentInRDBMS><![CDATA[add actual supplyest]]></commentInRDBMS>
<ownerDesignName>cui_orclemodel</ownerDesignName>
<engineerTo>
<item key="B525CEB7-FE5E-E47B-173C-64A11BEF998C" value="true"/>
</engineerTo>
<useDomainConstraints>false</useDomainConstraints>
<use>1</use>
<logicalDatatype>LOGDT019</logicalDatatype>
<dataTypePrecision>5</dataTypePrecision>
<dataTypeScale>2</dataTypeScale>
<ownDataTypeParameters>,5,2</ownDataTypeParameters>
</Attribute>
<Attribute name="prop_num" id="AF657D1A-4991-75B0-D1DD-561D92DCA2B1">
<createdBy>prana</createdBy>
<createdTime>2023-05-02 10:32:55 UTC</createdTime>
<commentInRDBMS><![CDATA[property number]]></commentInRDBMS>
<generatorID>417B0C70-5622-DB54-A698-E7E6A42FA3C1</generatorID>
<ownerDesignName>cui_orclemodel</ownerDesignName>
<engineerTo>
<item key="B525CEB7-FE5E-E47B-173C-64A11BEF998C" value="true"/>
</engineerTo>
<referedAttribute>B730F011-08B0-478D-8B1B-7D3C64696FC4</referedAttribute>
<useDomainConstraints>false</useDomainConstraints>
<use>1</use>
<logicalDatatype>LOGDT019</logicalDatatype>
<dataTypePrecision>5</dataTypePrecision>
<ownDataTypeParameters>,5,</ownDataTypeParameters>
</Attribute>
<Attribute name="waste_type_id" id="EC734CA0-CC17-F7E4-3938-20F6FDE1F647">
<createdBy>prana</createdBy>
<createdTime>2023-05-02 10:46:50 UTC</createdTime>
<commentInRDBMS><![CDATA[Waste type ID]]></commentInRDBMS>
<generatorID>8A309DD7-D36E-0D9B-BE5E-0F9EC1B446CE</generatorID>
<ownerDesignName>cui_orclemodel</ownerDesignName>
<engineerTo>
<item key="B525CEB7-FE5E-E47B-173C-64A11BEF998C" value="true"/>
</engineerTo>
<referedAttribute>DCA437F3-3F45-009B-7A9F-2769FFBD99E3</referedAttribute>
<useDomainConstraints>false</useDomainConstraints>
<use>1</use>
<logicalDatatype>LOGDT019</logicalDatatype>
<dataTypePrecision>1</dataTypePrecision>
<dataTypeSize>2 CHAR</dataTypeSize>
<ownDataTypeParameters>2 CHAR,1,</ownDataTypeParameters>
</Attribute>
<Attribute name="bin_size" id="FD75D57E-25BB-BD9A-F1C0-87EA8EAA3AE7">
<createdBy>prana</createdBy>
<createdTime>2023-05-02 10:55:42 UTC</createdTime>
<commentInRDBMS><![CDATA[Bin size]]></commentInRDBMS>
<generatorID>8A309DD7-D36E-0D9B-BE5E-0F9EC1B446CE</generatorID>
<ownerDesignName>cui_orclemodel</ownerDesignName>
<engineerTo>
<item key="B525CEB7-FE5E-E47B-173C-64A11BEF998C" value="true"/>
</engineerTo>
<referedAttribute>BF86F000-A3C4-13A1-ED3D-C8C04627ACED</referedAttribute>
<useDomainConstraints>false</useDomainConstraints>
<use>1</use>
<logicalDatatype>LOGDT019</logicalDatatype>
<dataTypePrecision>3</dataTypePrecision>
<ownDataTypeParameters>,3,</ownDataTypeParameters>
</Attribute>
<Attribute name="con_num" id="36C57EC6-C313-EB2B-0DF3-AC3FDF5AB9A1">
<createdBy>prana</createdBy>
<createdTime>2023-05-03 03:23:19 UTC</createdTime>
<commentInRDBMS><![CDATA[Contract number.]]></commentInRDBMS>
<generatorID>C440AF7A-5CED-0151-F9B9-E915DB71FC46</generatorID>
<ownerDesignName>cui_orclemodel</ownerDesignName>
<engineerTo>
<item key="B525CEB7-FE5E-E47B-173C-64A11BEF998C" value="true"/>
</engineerTo>
<referedAttribute>6DEAF9A7-F1D6-30B5-0061-606744847B98</referedAttribute>
<useDomainConstraints>false</useDomainConstraints>
<use>1</use>
<logicalDatatype>LOGDT019</logicalDatatype>
<dataTypePrecision>4</dataTypePrecision>
<ownDataTypeParameters>,,</ownDataTypeParameters>
</Attribute>
</attributes>
<identifiers itemClass="oracle.dbtools.crest.model.design.logical.CandidateKey">
<identifier id="6803C635-9B8C-5944-F597-DDC9E91E3D34" name="Entity_18 PK">
<createdBy>pzqfranz</createdBy>
<createdTime>2023-05-01 03:47:57 UTC</createdTime>
<ownerDesignName>cui_orclemodel</ownerDesignName>
<engineerTo>
<item key="B525CEB7-FE5E-E47B-173C-64A11BEF998C" value="true"/>
</engineerTo>
<pk>true</pk>
<usedAttributes>
<attributeRef>2D44D777-37A1-78DB-2146-F1C760F695D9</attributeRef>
</usedAttributes>
</identifier>
</identifiers>
</Entity>
