<?xml version = '1.0' encoding = 'UTF-8'?>
<Entity class="oracle.dbtools.crest.model.design.logical.Entity" directorySegmentName="seg_0" id="BB135B4D-B0ED-5658-6991-7E6698B0F5B3" name="MADE_COLLECTION">
<createdBy>keziaamandasukardi</createdBy>
<createdTime>2023-05-02 11:33:38 UTC</createdTime>
<ownerDesignName>cui_orclemodel</ownerDesignName>
<engineerTo>
<item key="B525CEB7-FE5E-E47B-173C-64A11BEF998C" value="true"/>
</engineerTo>
<adequatelyNormalized>NO</adequatelyNormalized>
<expectedVolumes>0</expectedVolumes>
<fwdEngineeringStrategyName>Single Table</fwdEngineeringStrategyName>
<growthPercent>0</growthPercent>
<growthType>Year</growthType>
<maxVolumes>9999999</maxVolumes>
<minVolumes>0</minVolumes>
<normalForm>Third</normalForm>
<attributes itemClass="oracle.dbtools.crest.model.design.logical.Attribute">
<Attribute name="coll_over_weight" id="40C31FB4-A5F9-3791-1394-1DC35E911308">
<createdBy>keziaamandasukardi</createdBy>
<createdTime>2023-05-02 11:33:45 UTC</createdTime>
<commentInRDBMS><![CDATA[indication whether collection is overweight]]></commentInRDBMS>
<ownerDesignName>cui_orclemodel</ownerDesignName>
<engineerTo>
<item key="B525CEB7-FE5E-E47B-173C-64A11BEF998C" value="true"/>
</engineerTo>
<useDomainConstraints>false</useDomainConstraints>
<use>1</use>
<logicalDatatype>LOGDT025</logicalDatatype>
<dataTypeSize>1 CHAR</dataTypeSize>
<ownDataTypeParameters>1 CHAR,,</ownDataTypeParameters>
</Attribute>
<Attribute name="coll_weight" id="713DB6E9-DD77-0A58-4C23-A9EE66DAE667">
<createdBy>keziaamandasukardi</createdBy>
<createdTime>2023-05-02 11:34:31 UTC</createdTime>
<commentInRDBMS><![CDATA[weight of the collection]]></commentInRDBMS>
<ownerDesignName>cui_orclemodel</ownerDesignName>
<engineerTo>
<item key="B525CEB7-FE5E-E47B-173C-64A11BEF998C" value="true"/>
</engineerTo>
<nullsAllowed>true</nullsAllowed>
<useDomainConstraints>false</useDomainConstraints>
<use>1</use>
<logicalDatatype>LOGDT019</logicalDatatype>
<dataTypePrecision>3</dataTypePrecision>
<ownDataTypeParameters>,3,</ownDataTypeParameters>
</Attribute>
<Attribute name="bin_rfid" id="5DF0C91B-E330-C599-F47D-17B74EF0FD5B">
<createdBy>keziaamandasukardi</createdBy>
<createdTime>2023-05-02 11:35:39 UTC</createdTime>
<commentInRDBMS><![CDATA[bin rfid]]></commentInRDBMS>
<generatorID>79A483EA-F946-4782-DB7B-BA8EA719AD46</generatorID>
<ownerDesignName>cui_orclemodel</ownerDesignName>
<engineerTo>
<item key="B525CEB7-FE5E-E47B-173C-64A11BEF998C" value="true"/>
</engineerTo>
<referedAttribute>2D44D777-37A1-78DB-2146-F1C760F695D9</referedAttribute>
<useDomainConstraints>false</useDomainConstraints>
<use>1</use>
<logicalDatatype>LOGDT024</logicalDatatype>
<dataTypeSize>20 CHAR</dataTypeSize>
<ownDataTypeParameters>20 CHAR,,</ownDataTypeParameters>
</Attribute>
<Attribute name="coll_date" id="DC20870D-8750-5E82-07C6-E343FD1DD73D">
<createdBy>keziaamandasukardi</createdBy>
<createdTime>2023-05-02 11:36:04 UTC</createdTime>
<commentInRDBMS><![CDATA[date of collection]]></commentInRDBMS>
<generatorID>7FFE1617-2129-5A8D-C603-896087763167</generatorID>
<ownerDesignName>cui_orclemodel</ownerDesignName>
<engineerTo>
<item key="B525CEB7-FE5E-E47B-173C-64A11BEF998C" value="true"/>
</engineerTo>
<referedAttribute>806C5C2F-B576-CDF9-00CF-421F5F879C11</referedAttribute>
<useDomainConstraints>false</useDomainConstraints>
<use>1</use>
<logicalDatatype>LOGDT024</logicalDatatype>
<dataTypeSize>20 CHAR</dataTypeSize>
<ownDataTypeParameters>20 CHAR,,</ownDataTypeParameters>
</Attribute>
<Attribute name="waste_type_id" id="A7333115-4857-A1E0-8E3A-1447A8A127CD">
<createdBy>keziaamandasukardi</createdBy>
<createdTime>2023-05-02 11:36:04 UTC</createdTime>
<commentInRDBMS><![CDATA[Waste type ID]]></commentInRDBMS>
<generatorID>7FFE1617-2129-5A8D-C603-896087763167</generatorID>
<ownerDesignName>cui_orclemodel</ownerDesignName>
<engineerTo>
<item key="B525CEB7-FE5E-E47B-173C-64A11BEF998C" value="true"/>
</engineerTo>
<referedAttribute>6648E79A-BBCE-7B63-BBD1-72416507A23A</referedAttribute>
<useDomainConstraints>false</useDomainConstraints>
<use>1</use>
<logicalDatatype>LOGDT019</logicalDatatype>
<dataTypePrecision>1</dataTypePrecision>
<dataTypeSize>2 CHAR</dataTypeSize>
<ownDataTypeParameters>2 CHAR,1,</ownDataTypeParameters>
</Attribute>
<Attribute name="con_num" id="FACC4260-B25C-F16D-CA20-BDB7B3EE30AE">
<createdBy>prana</createdBy>
<createdTime>2023-05-03 03:21:45 UTC</createdTime>
<commentInRDBMS><![CDATA[Contract number.]]></commentInRDBMS>
<generatorID>7FFE1617-2129-5A8D-C603-896087763167</generatorID>
<ownerDesignName>cui_orclemodel</ownerDesignName>
<engineerTo>
<item key="B525CEB7-FE5E-E47B-173C-64A11BEF998C" value="true"/>
</engineerTo>
<referedAttribute>8DC9DC8A-BE14-B915-2E59-088AEA0239DA</referedAttribute>
<useDomainConstraints>false</useDomainConstraints>
<use>1</use>
<logicalDatatype>LOGDT019</logicalDatatype>
<dataTypePrecision>4</dataTypePrecision>
<ownDataTypeParameters>,,</ownDataTypeParameters>
</Attribute>
</attributes>
<identifiers itemClass="oracle.dbtools.crest.model.design.logical.CandidateKey">
<identifier id="050632D0-764C-E593-A089-8AC09E2709E2" name="MADE_COLLECTION PK">
<createdBy>keziaamandasukardi</createdBy>
<createdTime>2023-05-02 11:35:39 UTC</createdTime>
<ownerDesignName>cui_orclemodel</ownerDesignName>
<engineerTo>
<item key="B525CEB7-FE5E-E47B-173C-64A11BEF998C" value="true"/>
</engineerTo>
<pk>true</pk>
<usedAttributes>
<attributeRef>5DF0C91B-E330-C599-F47D-17B74EF0FD5B</attributeRef>
<attributeRef>DC20870D-8750-5E82-07C6-E343FD1DD73D</attributeRef>
<attributeRef>A7333115-4857-A1E0-8E3A-1447A8A127CD</attributeRef>
<attributeRef>FACC4260-B25C-F16D-CA20-BDB7B3EE30AE</attributeRef>
</usedAttributes>
</identifier>
</identifiers>
</Entity>
