<?xml version = '1.0' encoding = 'UTF-8'?>
<Entity class="oracle.dbtools.crest.model.design.logical.Entity" directorySegmentName="seg_0" id="FCE762FA-7406-ACD8-DD6E-DCD94712F297" name="AUTHORITY">
<createdBy>pzqfranz</createdBy>
<createdTime>2023-05-01 03:16:25 UTC</createdTime>
<ownerDesignName>cui_orclemodel</ownerDesignName>
<engineerTo>
<item key="B525CEB7-FE5E-E47B-173C-64A11BEF998C" value="true"/>
</engineerTo>
<adequatelyNormalized>NO</adequatelyNormalized>
<expectedVolumes>0</expectedVolumes>
<fwdEngineeringStrategyName>Single Table</fwdEngineeringStrategyName>
<growthPercent>0</growthPercent>
<growthType>Year</growthType>
<maxVolumes>9999999</maxVolumes>
<minVolumes>0</minVolumes>
<normalForm>Third</normalForm>
<attributes itemClass="oracle.dbtools.crest.model.design.logical.Attribute">
<Attribute name="auth_name" id="CDCBCCF1-839C-39EB-D1A0-C8E66DAA9375">
<createdBy>pzqfranz</createdBy>
<createdTime>2023-05-01 03:17:35 UTC</createdTime>
<commentInRDBMS><![CDATA[authority name
]]></commentInRDBMS>
<ownerDesignName>cui_orclemodel</ownerDesignName>
<engineerTo>
<item key="B525CEB7-FE5E-E47B-173C-64A11BEF998C" value="true"/>
</engineerTo>
<useDomainConstraints>false</useDomainConstraints>
<use>1</use>
<logicalDatatype>LOGDT024</logicalDatatype>
<dataTypeSize>20</dataTypeSize>
<ownDataTypeParameters>20,,</ownDataTypeParameters>
</Attribute>
<Attribute name="auth_ceo_fname" id="B4D49DB5-80CE-331C-87A8-39262568DCB9">
<createdBy>pzqfranz</createdBy>
<createdTime>2023-05-01 03:18:34 UTC</createdTime>
<commentInRDBMS><![CDATA[the first name of authority  ceo]]></commentInRDBMS>
<ownerDesignName>cui_orclemodel</ownerDesignName>
<engineerTo>
<item key="B525CEB7-FE5E-E47B-173C-64A11BEF998C" value="true"/>
</engineerTo>
<useDomainConstraints>false</useDomainConstraints>
<use>1</use>
<logicalDatatype>LOGDT024</logicalDatatype>
<dataTypeSize>30</dataTypeSize>
<ownDataTypeParameters>30,,</ownDataTypeParameters>
</Attribute>
<Attribute name="auth_ceo_lname" id="305EAF14-FADC-5CDF-ABB8-F0E586D30A94">
<createdBy>pzqfranz</createdBy>
<createdTime>2023-05-01 03:20:11 UTC</createdTime>
<commentInRDBMS><![CDATA[the last name of authority ceo]]></commentInRDBMS>
<ownerDesignName>cui_orclemodel</ownerDesignName>
<engineerTo>
<item key="B525CEB7-FE5E-E47B-173C-64A11BEF998C" value="true"/>
</engineerTo>
<useDomainConstraints>false</useDomainConstraints>
<use>1</use>
<logicalDatatype>LOGDT024</logicalDatatype>
<dataTypeSize>30</dataTypeSize>
<ownDataTypeParameters>30,,</ownDataTypeParameters>
</Attribute>
<Attribute name="auth_contact" id="F7C29E6D-2FF6-6DAB-2F70-9C0281932CB8">
<createdBy>pzqfranz</createdBy>
<createdTime>2023-05-01 03:21:34 UTC</createdTime>
<commentInRDBMS><![CDATA[authority contact number]]></commentInRDBMS>
<ownerDesignName>cui_orclemodel</ownerDesignName>
<engineerTo>
<item key="B525CEB7-FE5E-E47B-173C-64A11BEF998C" value="true"/>
</engineerTo>
<useDomainConstraints>false</useDomainConstraints>
<use>1</use>
<logicalDatatype>LOGDT025</logicalDatatype>
<dataTypeSize>10</dataTypeSize>
<ownDataTypeParameters>10,,</ownDataTypeParameters>
</Attribute>
<Attribute name="auth_total_area" id="CC162BC4-02A0-8480-D5B7-E3D99D7D549F">
<createdBy>pzqfranz</createdBy>
<createdTime>2023-05-01 03:23:48 UTC</createdTime>
<commentInRDBMS><![CDATA[total area if the authority]]></commentInRDBMS>
<ownerDesignName>cui_orclemodel</ownerDesignName>
<engineerTo>
<item key="B525CEB7-FE5E-E47B-173C-64A11BEF998C" value="true"/>
</engineerTo>
<useDomainConstraints>false</useDomainConstraints>
<use>1</use>
<logicalDatatype>LOGDT019</logicalDatatype>
<dataTypePrecision>9</dataTypePrecision>
<dataTypeScale>2</dataTypeScale>
<ownDataTypeParameters>,9,2</ownDataTypeParameters>
</Attribute>
<Attribute name="auth_type" id="C0A7F9A0-1A8A-079F-9804-AB7B0E226B2C">
<createdBy>pzqfranz</createdBy>
<createdTime>2023-05-01 03:25:38 UTC</createdTime>
<commentInRDBMS><![CDATA[type of the authority]]></commentInRDBMS>
<ownerDesignName>cui_orclemodel</ownerDesignName>
<engineerTo>
<item key="B525CEB7-FE5E-E47B-173C-64A11BEF998C" value="true"/>
</engineerTo>
<constraintName>local_auth_type</constraintName>
<useDomainConstraints>false</useDomainConstraints>
<use>1</use>
<logicalDatatype>LOGDT019</logicalDatatype>
<dataTypePrecision>1</dataTypePrecision>
<listOfValues>
<valueDef value="1" description="Borough"/>
<valueDef value="2" description="City"/>
<valueDef value="3" description="District Council"/>
<valueDef value="4" description="Shire"/>
<valueDef value="5" description="Town"/>
</listOfValues>
<ownDataTypeParameters>,1,</ownDataTypeParameters>
</Attribute>
</attributes>
<identifiers itemClass="oracle.dbtools.crest.model.design.logical.CandidateKey">
<identifier id="4C1ACCB5-E363-D013-C333-2738379E2515" name="AUTHORITY PK">
<createdBy>pzqfranz</createdBy>
<createdTime>2023-05-01 03:18:20 UTC</createdTime>
<ownerDesignName>cui_orclemodel</ownerDesignName>
<engineerTo>
<item key="B525CEB7-FE5E-E47B-173C-64A11BEF998C" value="true"/>
</engineerTo>
<pk>true</pk>
<usedAttributes>
<attributeRef>CDCBCCF1-839C-39EB-D1A0-C8E66DAA9375</attributeRef>
</usedAttributes>
</identifier>
</identifiers>
</Entity>
