<?xml version = '1.0' encoding = 'UTF-8'?>
<Diagram class="oracle.dbtools.crest.swingui.logical.DPVLogical" name="Logical" id="414F6623-4E2D-055B-E3F5-4E3321E99B55">
<createdBy>group_184</createdBy>
<modifiedBy>group_184</modifiedBy>
<createdTime>2023-05-01 01:58:00 UTC</createdTime>
<autoRoute>false</autoRoute>
<boxInbox>true</boxInbox>
<showLegend>true</showLegend>
<showLabels>true</showLabels>
<showRelAttributes>false</showRelAttributes>
<gridEnabled>false</gridEnabled>
<showGrid>false</showGrid>
<diagramColor>-1</diagramColor>
<display>false</display>
<notation>2</notation>
<showAllDetails>false</showAllDetails>
<showElements>true</showElements>
<objectViews>
<OView class="oracle.dbtools.crest.swingui.logical.TVEntity" oid="06B96073-D278-4F86-10AF-F46B780ED2B7" otype="Entity" vid="E4F111C9-F0AF-3212-15E0-E40111376763">
<hideElementsInCurrentOnly>false</hideElementsInCurrentOnly>
<bounds x="655" y="522" width="176" height="144"/>
</OView>
<OView class="oracle.dbtools.crest.swingui.logical.TVEntity" oid="102E1617-A151-6228-1BA1-8C01C6C4E2A7" otype="Entity" vid="54146B9F-F437-D30B-3969-53991A9DE5EE">
<hideElementsInCurrentOnly>false</hideElementsInCurrentOnly>
<bounds x="1397" y="365" width="169" height="121"/>
</OView>
<OView class="oracle.dbtools.crest.swingui.logical.TVEntity" oid="1A4EF6DC-107B-685E-93DC-A0037FAD0166" otype="Entity" vid="C348B6C0-379A-08D8-E9C6-A70CD635F28C">
<hideElementsInCurrentOnly>false</hideElementsInCurrentOnly>
<bounds x="667" y="317" width="200" height="132"/>
</OView>
<OView class="oracle.dbtools.crest.swingui.logical.TVEntity" oid="40A18A28-6B2D-48C0-BB21-14E25C1827DF" otype="Entity" vid="828A5F55-9E27-4F2B-3F6A-D88A4015476B">
<hideElementsInCurrentOnly>false</hideElementsInCurrentOnly>
<bounds x="19" y="673" width="174" height="108"/>
</OView>
<OView class="oracle.dbtools.crest.swingui.logical.TVEntity" oid="4A478C7A-C3A0-EDCF-D5D6-62D5E3C88E07" otype="Entity" vid="FCF017C0-1439-2276-BD41-E1A3AF96CC2D">
<hideElementsInCurrentOnly>false</hideElementsInCurrentOnly>
<bounds x="586" y="70" width="175" height="121"/>
</OView>
<OView class="oracle.dbtools.crest.swingui.logical.TVEntity" oid="5D66743D-79D0-6593-FB79-33E6060E841F" otype="Entity" vid="BEC06BE0-C3D5-3133-0735-54FE652AC8D1">
<hideElementsInCurrentOnly>false</hideElementsInCurrentOnly>
<bounds x="314" y="312" width="189" height="121"/>
</OView>
<OView class="oracle.dbtools.crest.swingui.logical.TVEntity" oid="6D4BE350-2509-1A76-3D15-4337B8CB04D3" otype="Entity" vid="941735F4-B4A0-6FF2-36C3-A168F3B2C470">
<hideElementsInCurrentOnly>false</hideElementsInCurrentOnly>
<bounds x="854" y="72" width="219" height="109"/>
</OView>
<OView class="oracle.dbtools.crest.swingui.logical.TVEntity" oid="6E56EEEE-FCBD-67DD-C168-77FC332EB4BE" otype="Entity" vid="14BD0E66-43A6-5060-0138-24680FE44B54">
<hideElementsInCurrentOnly>false</hideElementsInCurrentOnly>
<bounds x="21" y="455" width="174" height="113"/>
</OView>
<OView class="oracle.dbtools.crest.swingui.logical.TVEntity" oid="75EE6D26-7308-5505-023E-D5138566A23C" otype="Entity" vid="2B062F6B-2B0C-ECBF-30FE-FB2089492E5C">
<hideElementsInCurrentOnly>false</hideElementsInCurrentOnly>
<bounds x="1143" y="142" width="200" height="189"/>
</OView>
<OView class="oracle.dbtools.crest.swingui.logical.TVEntity" oid="786478CA-5A3C-809B-F2EC-712F829BFE74" otype="Entity" vid="BA3FA4EC-98AC-6C57-F363-39621708A8E4">
<hideElementsInCurrentOnly>false</hideElementsInCurrentOnly>
<bounds x="1139" y="510" width="213" height="117"/>
</OView>
<OView class="oracle.dbtools.crest.swingui.logical.TVEntity" oid="831FCFE3-7890-4A25-0211-F3EB823A1D90" otype="Entity" vid="6ABA17F4-680F-54EA-124E-27C97086E9B5">
<hideElementsInCurrentOnly>false</hideElementsInCurrentOnly>
<bounds x="1139" y="387" width="208" height="64"/>
</OView>
<OView class="oracle.dbtools.crest.swingui.logical.TVEntity" oid="A298E340-823B-8644-0230-F03D8D98D63F" otype="Entity" vid="78CDCE56-2473-D702-D4DD-D230EAF85E5D">
<hideElementsInCurrentOnly>false</hideElementsInCurrentOnly>
<bounds x="312" y="521" width="191" height="119"/>
</OView>
<OView class="oracle.dbtools.crest.swingui.logical.TVEntity" oid="A3902C44-2F25-410C-A2B7-059CC3ADDBBE" otype="Entity" vid="EDAFF466-8141-593C-B4B9-621402D7BB27">
<hideElementsInCurrentOnly>false</hideElementsInCurrentOnly>
<bounds x="951" y="504" width="149" height="119"/>
</OView>
<OView class="oracle.dbtools.crest.swingui.logical.TVEntity" oid="B4E70E92-6064-35D5-85CD-258C288BF90C" otype="Entity" vid="2B5DC7B3-C286-A3B5-C1D6-62C65F5978E9">
<hideElementsInCurrentOnly>false</hideElementsInCurrentOnly>
<bounds x="416" y="722" width="144" height="168"/>
</OView>
<OView class="oracle.dbtools.crest.swingui.logical.TVEntity" oid="BB135B4D-B0ED-5658-6991-7E6698B0F5B3" otype="Entity" vid="00153CD0-6129-479E-C4EB-A3F3A36C32BF">
<hideElementsInCurrentOnly>false</hideElementsInCurrentOnly>
<bounds x="997" y="768" width="255" height="110"/>
</OView>
<OView class="oracle.dbtools.crest.swingui.TVLegend" oid="F81CD912-C99E-71CB-45EF-864BC934454E" otype="Legend" vid="CB51C5B3-1B69-E0AF-1636-1FAB3EC60C6C">
<hideElementsInCurrentOnly>false</hideElementsInCurrentOnly>
<bounds x="10" y="10" width="232" height="135"/>
</OView>
<OView class="oracle.dbtools.crest.swingui.logical.TVEntity" oid="FCE762FA-7406-ACD8-DD6E-DCD94712F297" otype="Entity" vid="00C64D7F-9D52-1B66-6FD5-48ED076E2D29">
<hideElementsInCurrentOnly>false</hideElementsInCurrentOnly>
<bounds x="308" y="72" width="205" height="143"/>
</OView>
</objectViews>
<connectors>
<Connector class="oracle.dbtools.crest.swingui.logical.TVRelation" oid="0E62180C-74FF-663B-4437-191A0C5D0D02" otype="Relation" vid_source="6ABA17F4-680F-54EA-124E-27C97086E9B5" vid_target="2B062F6B-2B0C-ECBF-30FE-FB2089492E5C">
<hideElementsInCurrentOnly>false</hideElementsInCurrentOnly>
<backgroundColor>-16777216</backgroundColor>
<lineWidth>1</lineWidth>
<sourceLabel class="oracle.dbtools.crest.model.design.Label">
<site>0</site>
<labelBounds x="1243" y="351" width="52" height="30"/>
<noBackgroundColor>true</noBackgroundColor>
<noForegroundColor>true</noForegroundColor>
</sourceLabel>
<targetLabel class="oracle.dbtools.crest.model.design.Label">
<site>2</site>
<labelBounds x="1243" y="367" width="18" height="30"/>
<noBackgroundColor>true</noBackgroundColor>
<noForegroundColor>true</noForegroundColor>
</targetLabel>
<points>
<point x="1243" y="387"/>
<point x="1243" y="331"/>
</points>
</Connector>
<Connector class="oracle.dbtools.crest.swingui.logical.TVRelation" oid="1B069402-0920-59AF-6AC8-ACCD00A5E2BC" otype="Relation" vid_source="00C64D7F-9D52-1B66-6FD5-48ED076E2D29" vid_target="FCF017C0-1439-2276-BD41-E1A3AF96CC2D">
<hideElementsInCurrentOnly>false</hideElementsInCurrentOnly>
<backgroundColor>-16777216</backgroundColor>
<lineWidth>1</lineWidth>
<sourceLabel class="oracle.dbtools.crest.model.design.Label">
<site>0</site>
<labelBounds x="523" y="116" width="44" height="30"/>
<noBackgroundColor>true</noBackgroundColor>
<noForegroundColor>true</noForegroundColor>
</sourceLabel>
<targetLabel class="oracle.dbtools.crest.model.design.Label">
<site>2</site>
<labelBounds x="562" y="149" width="18" height="30"/>
<noBackgroundColor>true</noBackgroundColor>
<noForegroundColor>true</noForegroundColor>
</targetLabel>
<points>
<point x="513" y="146"/>
<point x="586" y="146"/>
</points>
</Connector>
<Connector class="oracle.dbtools.crest.swingui.logical.TVRelation" oid="2384A2B5-DB14-70BE-37AC-92B967899E1B" otype="Relation" vid_source="FCF017C0-1439-2276-BD41-E1A3AF96CC2D" vid_target="C348B6C0-379A-08D8-E9C6-A70CD635F28C">
<hideElementsInCurrentOnly>false</hideElementsInCurrentOnly>
<backgroundColor>-16777216</backgroundColor>
<lineWidth>1</lineWidth>
<sourceLabel class="oracle.dbtools.crest.model.design.Label">
<site>0</site>
<labelBounds x="714" y="235" width="58" height="30"/>
<noBackgroundColor>true</noBackgroundColor>
<noForegroundColor>true</noForegroundColor>
</sourceLabel>
<targetLabel class="oracle.dbtools.crest.model.design.Label">
<site>2</site>
<labelBounds x="714" y="281" width="18" height="30"/>
<noBackgroundColor>true</noBackgroundColor>
<noForegroundColor>true</noForegroundColor>
</targetLabel>
<points>
<point x="714" y="191"/>
<point x="714" y="317"/>
</points>
</Connector>
<Connector class="oracle.dbtools.crest.swingui.logical.TVRelation" oid="40CBBC9B-B803-F28D-7E8B-E225EA2D20C2" otype="Relation" vid_source="00C64D7F-9D52-1B66-6FD5-48ED076E2D29" vid_target="BEC06BE0-C3D5-3133-0735-54FE652AC8D1">
<hideElementsInCurrentOnly>false</hideElementsInCurrentOnly>
<backgroundColor>-16777216</backgroundColor>
<lineWidth>1</lineWidth>
<sourceLabel class="oracle.dbtools.crest.model.design.Label">
<site>0</site>
<labelBounds x="408" y="259" width="79" height="30"/>
<noBackgroundColor>true</noBackgroundColor>
<noForegroundColor>true</noForegroundColor>
</sourceLabel>
<targetLabel class="oracle.dbtools.crest.model.design.Label">
<site>2</site>
<labelBounds x="408" y="276" width="18" height="30"/>
<noBackgroundColor>true</noBackgroundColor>
<noForegroundColor>true</noForegroundColor>
</targetLabel>
<points>
<point x="408" y="215"/>
<point x="408" y="312"/>
</points>
</Connector>
<Connector class="oracle.dbtools.crest.swingui.logical.TVRelation" oid="417B0C70-5622-DB54-A698-E7E6A42FA3C1" otype="Relation" vid_source="78CDCE56-2473-D702-D4DD-D230EAF85E5D" vid_target="2B5DC7B3-C286-A3B5-C1D6-62C65F5978E9">
<hideElementsInCurrentOnly>false</hideElementsInCurrentOnly>
<backgroundColor>-16777216</backgroundColor>
<lineWidth>1</lineWidth>
<sourceLabel class="oracle.dbtools.crest.model.design.Label">
<site>0</site>
<labelBounds x="390" y="676" width="49" height="30"/>
<noBackgroundColor>true</noBackgroundColor>
<noForegroundColor>true</noForegroundColor>
</sourceLabel>
<targetLabel class="oracle.dbtools.crest.model.design.Label">
<site>2</site>
<labelBounds x="392" y="785" width="18" height="30"/>
<noBackgroundColor>true</noBackgroundColor>
<noForegroundColor>true</noForegroundColor>
</targetLabel>
<points>
<point x="390" y="640"/>
<point x="390" y="782"/>
<point x="416" y="782"/>
</points>
</Connector>
<Connector class="oracle.dbtools.crest.swingui.logical.TVRelation" oid="4C97C0EC-2337-AE59-4165-68DBDC42478A" otype="Relation" vid_source="E4F111C9-F0AF-3212-15E0-E40111376763" vid_target="C348B6C0-379A-08D8-E9C6-A70CD635F28C">
<hideElementsInCurrentOnly>false</hideElementsInCurrentOnly>
<backgroundColor>-16777216</backgroundColor>
<lineWidth>1</lineWidth>
<sourceLabel class="oracle.dbtools.crest.model.design.Label">
<site>0</site>
<labelBounds x="749" y="484" width="58" height="32"/>
<noBackgroundColor>true</noBackgroundColor>
<noForegroundColor>true</noForegroundColor>
</sourceLabel>
<targetLabel class="oracle.dbtools.crest.model.design.Label">
<site>2</site>
<labelBounds x="749" y="495" width="18" height="30"/>
<noBackgroundColor>true</noBackgroundColor>
<noForegroundColor>true</noForegroundColor>
</targetLabel>
<points>
<point x="749" y="522"/>
<point x="749" y="449"/>
</points>
</Connector>
<Connector class="oracle.dbtools.crest.swingui.logical.TVRelation" oid="652FC29E-DE45-30A1-5C9E-757CE3387BF2" otype="Relation" vid_source="BA3FA4EC-98AC-6C57-F363-39621708A8E4" vid_target="6ABA17F4-680F-54EA-124E-27C97086E9B5">
<hideElementsInCurrentOnly>false</hideElementsInCurrentOnly>
<backgroundColor>-16777216</backgroundColor>
<lineWidth>1</lineWidth>
<sourceLabel class="oracle.dbtools.crest.model.design.Label">
<site>0</site>
<labelBounds x="1243" y="474" width="44" height="30"/>
<noBackgroundColor>true</noBackgroundColor>
<noForegroundColor>true</noForegroundColor>
</sourceLabel>
<targetLabel class="oracle.dbtools.crest.model.design.Label">
<site>2</site>
<labelBounds x="1243" y="495" width="18" height="30"/>
<noBackgroundColor>true</noBackgroundColor>
<noForegroundColor>true</noForegroundColor>
</targetLabel>
<points>
<point x="1243" y="510"/>
<point x="1243" y="451"/>
</points>
</Connector>
<Connector class="oracle.dbtools.crest.swingui.logical.TVRelation" oid="66452BE9-95BA-A117-A686-A818C40D9998" otype="Relation" vid_source="BEC06BE0-C3D5-3133-0735-54FE652AC8D1" vid_target="78CDCE56-2473-D702-D4DD-D230EAF85E5D">
<hideElementsInCurrentOnly>false</hideElementsInCurrentOnly>
<backgroundColor>-16777216</backgroundColor>
<lineWidth>1</lineWidth>
<sourceLabel class="oracle.dbtools.crest.model.design.Label">
<site>0</site>
<labelBounds x="408" y="477" width="66" height="30"/>
<noBackgroundColor>true</noBackgroundColor>
<noForegroundColor>true</noForegroundColor>
</sourceLabel>
<targetLabel class="oracle.dbtools.crest.model.design.Label">
<site>2</site>
<labelBounds x="408" y="477" width="18" height="30"/>
<noBackgroundColor>true</noBackgroundColor>
<noForegroundColor>true</noForegroundColor>
</targetLabel>
<points>
<point x="408" y="433"/>
<point x="408" y="521"/>
</points>
</Connector>
<Connector class="oracle.dbtools.crest.swingui.logical.TVRelation" oid="746C4FD3-D66C-F20F-2924-36BDFAE23283" otype="Relation" vid_source="FCF017C0-1439-2276-BD41-E1A3AF96CC2D" vid_target="941735F4-B4A0-6FF2-36C3-A168F3B2C470">
<hideElementsInCurrentOnly>false</hideElementsInCurrentOnly>
<backgroundColor>-16777216</backgroundColor>
<lineWidth>1</lineWidth>
<sourceLabel class="oracle.dbtools.crest.model.design.Label">
<site>0</site>
<labelBounds x="771" y="96" width="31" height="30"/>
<noBackgroundColor>true</noBackgroundColor>
<noForegroundColor>true</noForegroundColor>
</sourceLabel>
<targetLabel class="oracle.dbtools.crest.model.design.Label">
<site>2</site>
<labelBounds x="830" y="129" width="18" height="30"/>
<noBackgroundColor>true</noBackgroundColor>
<noForegroundColor>true</noForegroundColor>
</targetLabel>
<points>
<point x="761" y="126"/>
<point x="854" y="126"/>
</points>
</Connector>
<Connector class="oracle.dbtools.crest.swingui.logical.TVRelation" oid="79A483EA-F946-4782-DB7B-BA8EA719AD46" otype="Relation" vid_source="2B5DC7B3-C286-A3B5-C1D6-62C65F5978E9" vid_target="00153CD0-6129-479E-C4EB-A3F3A36C32BF">
<hideElementsInCurrentOnly>false</hideElementsInCurrentOnly>
<backgroundColor>-16777216</backgroundColor>
<lineWidth>1</lineWidth>
<sourceLabel class="oracle.dbtools.crest.model.design.Label">
<site>0</site>
<labelBounds x="570" y="823" width="52" height="30"/>
<noBackgroundColor>true</noBackgroundColor>
<noForegroundColor>true</noForegroundColor>
</sourceLabel>
<targetLabel class="oracle.dbtools.crest.model.design.Label">
<site>2</site>
<labelBounds x="973" y="820" width="18" height="30"/>
<noBackgroundColor>true</noBackgroundColor>
<noForegroundColor>true</noForegroundColor>
</targetLabel>
<points>
<point x="560" y="823"/>
<point x="997" y="820"/>
</points>
</Connector>
<Connector class="oracle.dbtools.crest.swingui.logical.TVRelation" oid="7FFE1617-2129-5A8D-C603-896087763167" otype="Relation" vid_source="2B062F6B-2B0C-ECBF-30FE-FB2089492E5C" vid_target="00153CD0-6129-479E-C4EB-A3F3A36C32BF">
<hideElementsInCurrentOnly>false</hideElementsInCurrentOnly>
<backgroundColor>-16777216</backgroundColor>
<lineWidth>1</lineWidth>
<sourceLabel class="oracle.dbtools.crest.model.design.Label">
<site>0</site>
<labelBounds x="1090" y="367" width="47" height="30"/>
<noBackgroundColor>true</noBackgroundColor>
<noForegroundColor>true</noForegroundColor>
</sourceLabel>
<targetLabel class="oracle.dbtools.crest.model.design.Label">
<site>2</site>
<labelBounds x="1119" y="724" width="18" height="30"/>
<noBackgroundColor>true</noBackgroundColor>
<noForegroundColor>true</noForegroundColor>
</targetLabel>
<points>
<point x="1143" y="331"/>
<point x="1119" y="361"/>
<point x="1119" y="768"/>
</points>
</Connector>
<Connector class="oracle.dbtools.crest.swingui.logical.TVRelation" oid="8A309DD7-D36E-0D9B-BE5E-0F9EC1B446CE" otype="Relation" vid_source="E4F111C9-F0AF-3212-15E0-E40111376763" vid_target="2B5DC7B3-C286-A3B5-C1D6-62C65F5978E9">
<hideElementsInCurrentOnly>false</hideElementsInCurrentOnly>
<backgroundColor>-16777216</backgroundColor>
<lineWidth>1</lineWidth>
<sourceLabel class="oracle.dbtools.crest.model.design.Label">
<site>0</site>
<labelBounds x="751" y="711" width="18" height="31"/>
<noBackgroundColor>true</noBackgroundColor>
<noForegroundColor>true</noForegroundColor>
</sourceLabel>
<targetLabel class="oracle.dbtools.crest.model.design.Label">
<site>2</site>
<labelBounds x="570" y="741" width="31" height="30"/>
<noBackgroundColor>true</noBackgroundColor>
<noForegroundColor>true</noForegroundColor>
</targetLabel>
<points>
<point x="751" y="666"/>
<point x="751" y="738"/>
<point x="560" y="738"/>
</points>
</Connector>
<Connector class="oracle.dbtools.crest.swingui.logical.TVRelation" oid="9DB808AE-3090-4644-A229-2EA78686D492" otype="Relation" vid_source="EDAFF466-8141-593C-B4B9-621402D7BB27" vid_target="E4F111C9-F0AF-3212-15E0-E40111376763">
<hideElementsInCurrentOnly>false</hideElementsInCurrentOnly>
<backgroundColor>-16777216</backgroundColor>
<lineWidth>1</lineWidth>
<sourceLabel class="oracle.dbtools.crest.model.design.Label">
<site>0</site>
<labelBounds x="914" y="564" width="31" height="30"/>
<noBackgroundColor>true</noBackgroundColor>
<noForegroundColor>true</noForegroundColor>
</sourceLabel>
<targetLabel class="oracle.dbtools.crest.model.design.Label">
<site>2</site>
<labelBounds x="841" y="596" width="18" height="43"/>
<noBackgroundColor>true</noBackgroundColor>
<noForegroundColor>true</noForegroundColor>
</targetLabel>
<points>
<point x="951" y="594"/>
<point x="902" y="594"/>
<point x="840" y="593"/>
<point x="831" y="593"/>
</points>
</Connector>
<Connector class="oracle.dbtools.crest.swingui.logical.TVRelation" oid="A77DACC4-D617-47AE-F1C1-CCE878176594" otype="Relation" vid_source="EDAFF466-8141-593C-B4B9-621402D7BB27" vid_target="941735F4-B4A0-6FF2-36C3-A168F3B2C470">
<hideElementsInCurrentOnly>false</hideElementsInCurrentOnly>
<backgroundColor>-16777216</backgroundColor>
<lineWidth>1</lineWidth>
<sourceLabel class="oracle.dbtools.crest.model.design.Label">
<site>0</site>
<labelBounds x="1012" y="460" width="45" height="30"/>
<noBackgroundColor>true</noBackgroundColor>
<noForegroundColor>true</noForegroundColor>
</sourceLabel>
<targetLabel class="oracle.dbtools.crest.model.design.Label">
<site>2</site>
<labelBounds x="1012" y="225" width="18" height="30"/>
<noBackgroundColor>true</noBackgroundColor>
<noForegroundColor>true</noForegroundColor>
</targetLabel>
<points>
<point x="1012" y="504"/>
<point x="1012" y="181"/>
</points>
</Connector>
<Connector class="oracle.dbtools.crest.swingui.logical.TVRelation" oid="A7E31742-07B4-12D0-C4CD-C79042FA0EED" otype="Relation" vid_source="14BD0E66-43A6-5060-0138-24680FE44B54" vid_target="78CDCE56-2473-D702-D4DD-D230EAF85E5D">
<hideElementsInCurrentOnly>false</hideElementsInCurrentOnly>
<backgroundColor>-16777216</backgroundColor>
<lineWidth>1</lineWidth>
<sourceLabel class="oracle.dbtools.crest.model.design.Label">
<site>0</site>
<labelBounds x="205" y="516" width="58" height="28"/>
<noBackgroundColor>true</noBackgroundColor>
<noForegroundColor>true</noForegroundColor>
</sourceLabel>
<targetLabel class="oracle.dbtools.crest.model.design.Label">
<site>2</site>
<labelBounds x="288" y="547" width="18" height="30"/>
<noBackgroundColor>true</noBackgroundColor>
<noForegroundColor>true</noForegroundColor>
</targetLabel>
<points>
<point x="195" y="544"/>
<point x="312" y="544"/>
</points>
</Connector>
<Connector class="oracle.dbtools.crest.swingui.logical.TVRelation" oid="C440AF7A-5CED-0151-F9B9-E915DB71FC46" otype="Relation" vid_source="FCF017C0-1439-2276-BD41-E1A3AF96CC2D" vid_target="2B5DC7B3-C286-A3B5-C1D6-62C65F5978E9">
<hideElementsInCurrentOnly>false</hideElementsInCurrentOnly>
<backgroundColor>-16777216</backgroundColor>
<lineWidth>1</lineWidth>
<sourceLabel class="oracle.dbtools.crest.model.design.Label">
<site>0</site>
<labelBounds x="549" y="227" width="31" height="30"/>
<noBackgroundColor>true</noBackgroundColor>
<noForegroundColor>true</noForegroundColor>
</sourceLabel>
<targetLabel class="oracle.dbtools.crest.model.design.Label">
<site>2</site>
<labelBounds x="529" y="662" width="18" height="30"/>
<noBackgroundColor>true</noBackgroundColor>
<noForegroundColor>true</noForegroundColor>
</targetLabel>
<points>
<point x="586" y="191"/>
<point x="529" y="273"/>
<point x="529" y="722"/>
</points>
</Connector>
<Connector class="oracle.dbtools.crest.swingui.logical.TVRelation" oid="D920E47B-6F0F-DB5B-6ADF-3D7D98A482B6" otype="Relation" vid_source="941735F4-B4A0-6FF2-36C3-A168F3B2C470" vid_target="2B062F6B-2B0C-ECBF-30FE-FB2089492E5C">
<hideElementsInCurrentOnly>false</hideElementsInCurrentOnly>
<backgroundColor>-16777216</backgroundColor>
<lineWidth>1</lineWidth>
<sourceLabel class="oracle.dbtools.crest.model.design.Label">
<site>0</site>
<labelBounds x="1083" y="131" width="36" height="30"/>
<noBackgroundColor>true</noBackgroundColor>
<noForegroundColor>true</noForegroundColor>
</sourceLabel>
<targetLabel class="oracle.dbtools.crest.model.design.Label">
<site>2</site>
<labelBounds x="1119" y="164" width="18" height="30"/>
<noBackgroundColor>true</noBackgroundColor>
<noForegroundColor>true</noForegroundColor>
</targetLabel>
<points>
<point x="1073" y="161"/>
<point x="1143" y="161"/>
</points>
</Connector>
<Connector class="oracle.dbtools.crest.swingui.logical.TVRelation" oid="DC3D7F24-B554-DD82-CC30-47606D2E9418" otype="Relation" vid_source="54146B9F-F437-D30B-3969-53991A9DE5EE" vid_target="6ABA17F4-680F-54EA-124E-27C97086E9B5">
<hideElementsInCurrentOnly>false</hideElementsInCurrentOnly>
<backgroundColor>-16777216</backgroundColor>
<lineWidth>1</lineWidth>
<sourceLabel class="oracle.dbtools.crest.model.design.Label">
<site>0</site>
<labelBounds x="1347" y="389" width="44" height="30"/>
<noBackgroundColor>true</noBackgroundColor>
<noForegroundColor>true</noForegroundColor>
</sourceLabel>
<targetLabel class="oracle.dbtools.crest.model.design.Label">
<site>2</site>
<labelBounds x="1357" y="422" width="18" height="30"/>
<noBackgroundColor>true</noBackgroundColor>
<noForegroundColor>true</noForegroundColor>
</targetLabel>
<points>
<point x="1397" y="419"/>
<point x="1347" y="419"/>
</points>
</Connector>
<Connector class="oracle.dbtools.crest.swingui.logical.TVRelation" oid="E4DA37D7-0B11-9AFA-79F6-1E442AEA6A9A" otype="Relation" vid_source="14BD0E66-43A6-5060-0138-24680FE44B54" vid_target="828A5F55-9E27-4F2B-3F6A-D88A4015476B">
<hideElementsInCurrentOnly>false</hideElementsInCurrentOnly>
<backgroundColor>-16777216</backgroundColor>
<lineWidth>1</lineWidth>
<sourceLabel class="oracle.dbtools.crest.model.design.Label">
<site>0</site>
<labelBounds x="107" y="612" width="18" height="30"/>
<noBackgroundColor>true</noBackgroundColor>
<noForegroundColor>true</noForegroundColor>
</sourceLabel>
<targetLabel class="oracle.dbtools.crest.model.design.Label">
<site>2</site>
<labelBounds x="107" y="637" width="46" height="30"/>
<noBackgroundColor>true</noBackgroundColor>
<noForegroundColor>true</noForegroundColor>
</targetLabel>
<points>
<point x="107" y="568"/>
<point x="107" y="673"/>
</points>
</Connector>
</connectors>
<displays>
<Display class="oracle.dbtools.crest.swingui.logical.DPVLogical" name="Display_1" id="0266A8F0-3745-1240-CDAE-CB51E538B5AC">
<createdBy>prana</createdBy>
<modifiedBy>prana</modifiedBy>
<createdTime>2023-05-03 03:25:03 UTC</createdTime>
<autoRoute>false</autoRoute>
<boxInbox>true</boxInbox>
<showLegend>true</showLegend>
<showLabels>false</showLabels>
<showRelAttributes>false</showRelAttributes>
<gridEnabled>false</gridEnabled>
<showGrid>false</showGrid>
<diagramColor>-1</diagramColor>
<display>true</display>
<notation>2</notation>
<showAllDetails>false</showAllDetails>
<showElements>true</showElements>
<objectViews>
<OView class="oracle.dbtools.crest.swingui.logical.TVEntity" oid="06B96073-D278-4F86-10AF-F46B780ED2B7" otype="Entity" vid="4317C1CB-F83F-FABC-7ADB-2A53ABADCDAB">
<hideElementsInCurrentOnly>false</hideElementsInCurrentOnly>
<bounds x="655" y="522" width="176" height="144"/>
</OView>
<OView class="oracle.dbtools.crest.swingui.logical.TVEntity" oid="102E1617-A151-6228-1BA1-8C01C6C4E2A7" otype="Entity" vid="15FCACBB-1CEE-8FA0-AA45-890E5ACDFD93">
<hideElementsInCurrentOnly>false</hideElementsInCurrentOnly>
<bounds x="1397" y="365" width="169" height="121"/>
</OView>
<OView class="oracle.dbtools.crest.swingui.logical.TVEntity" oid="1A4EF6DC-107B-685E-93DC-A0037FAD0166" otype="Entity" vid="BBC06FAB-5174-1CFC-33B2-A853916C1A67">
<hideElementsInCurrentOnly>false</hideElementsInCurrentOnly>
<bounds x="667" y="317" width="200" height="132"/>
</OView>
<OView class="oracle.dbtools.crest.swingui.logical.TVEntity" oid="40A18A28-6B2D-48C0-BB21-14E25C1827DF" otype="Entity" vid="A823332A-E3BB-BDB9-B06F-3F5777F03C70">
<hideElementsInCurrentOnly>false</hideElementsInCurrentOnly>
<bounds x="19" y="673" width="174" height="108"/>
</OView>
<OView class="oracle.dbtools.crest.swingui.logical.TVEntity" oid="4A478C7A-C3A0-EDCF-D5D6-62D5E3C88E07" otype="Entity" vid="F65A69FE-E8CD-ECF4-8F86-7C41D027F19E">
<hideElementsInCurrentOnly>false</hideElementsInCurrentOnly>
<bounds x="586" y="70" width="175" height="121"/>
</OView>
<OView class="oracle.dbtools.crest.swingui.logical.TVEntity" oid="5D66743D-79D0-6593-FB79-33E6060E841F" otype="Entity" vid="3062D455-87DE-CB43-61BF-8B1E023ECC08">
<hideElementsInCurrentOnly>false</hideElementsInCurrentOnly>
<bounds x="314" y="312" width="189" height="121"/>
</OView>
<OView class="oracle.dbtools.crest.swingui.logical.TVEntity" oid="6D4BE350-2509-1A76-3D15-4337B8CB04D3" otype="Entity" vid="3B4228D5-13E1-0797-EEDB-3A08DD540505">
<hideElementsInCurrentOnly>false</hideElementsInCurrentOnly>
<bounds x="854" y="72" width="219" height="109"/>
</OView>
<OView class="oracle.dbtools.crest.swingui.logical.TVEntity" oid="6E56EEEE-FCBD-67DD-C168-77FC332EB4BE" otype="Entity" vid="41E00334-690E-B4EC-3893-5B15D010A19D">
<hideElementsInCurrentOnly>false</hideElementsInCurrentOnly>
<bounds x="21" y="455" width="174" height="113"/>
</OView>
<OView class="oracle.dbtools.crest.swingui.logical.TVEntity" oid="75EE6D26-7308-5505-023E-D5138566A23C" otype="Entity" vid="FD18EFDA-06F8-3512-E5A6-8AD188116AD9">
<hideElementsInCurrentOnly>false</hideElementsInCurrentOnly>
<bounds x="1143" y="142" width="200" height="189"/>
</OView>
<OView class="oracle.dbtools.crest.swingui.logical.TVEntity" oid="786478CA-5A3C-809B-F2EC-712F829BFE74" otype="Entity" vid="5B569829-28E5-552E-61F9-AF2D8648F8F7">
<hideElementsInCurrentOnly>false</hideElementsInCurrentOnly>
<bounds x="1139" y="510" width="213" height="117"/>
</OView>
<OView class="oracle.dbtools.crest.swingui.logical.TVEntity" oid="831FCFE3-7890-4A25-0211-F3EB823A1D90" otype="Entity" vid="633B9404-FB90-7026-4C23-24A9C098DD18">
<hideElementsInCurrentOnly>false</hideElementsInCurrentOnly>
<bounds x="1139" y="387" width="208" height="64"/>
</OView>
<OView class="oracle.dbtools.crest.swingui.logical.TVEntity" oid="A298E340-823B-8644-0230-F03D8D98D63F" otype="Entity" vid="BB3FF0B4-7369-48A6-8917-C94A6A9E6CCE">
<hideElementsInCurrentOnly>false</hideElementsInCurrentOnly>
<bounds x="312" y="521" width="191" height="119"/>
</OView>
<OView class="oracle.dbtools.crest.swingui.logical.TVEntity" oid="A3902C44-2F25-410C-A2B7-059CC3ADDBBE" otype="Entity" vid="BF98EB84-7E2A-EA0F-59C9-ECA4E3CC3945">
<hideElementsInCurrentOnly>false</hideElementsInCurrentOnly>
<bounds x="951" y="504" width="149" height="119"/>
</OView>
<OView class="oracle.dbtools.crest.swingui.TVLegend" oid="AAA38D92-6AB9-873C-31A2-6DC77BE26E76" otype="Legend" vid="C5A49632-D14F-A526-BE8F-D68D7E983E37">
<hideElementsInCurrentOnly>false</hideElementsInCurrentOnly>
<bounds x="10" y="10" width="242" height="135"/>
</OView>
<OView class="oracle.dbtools.crest.swingui.logical.TVEntity" oid="B4E70E92-6064-35D5-85CD-258C288BF90C" otype="Entity" vid="09756E04-966A-F864-8DCA-5DE6D52B3684">
<hideElementsInCurrentOnly>false</hideElementsInCurrentOnly>
<bounds x="416" y="722" width="144" height="168"/>
</OView>
<OView class="oracle.dbtools.crest.swingui.logical.TVEntity" oid="BB135B4D-B0ED-5658-6991-7E6698B0F5B3" otype="Entity" vid="8C84C08C-EC7F-FD72-2928-39FD491691C9">
<hideElementsInCurrentOnly>false</hideElementsInCurrentOnly>
<bounds x="997" y="768" width="255" height="110"/>
</OView>
<OView class="oracle.dbtools.crest.swingui.logical.TVEntity" oid="FCE762FA-7406-ACD8-DD6E-DCD94712F297" otype="Entity" vid="A409C13A-7F49-D379-62AC-035E3F9314D6">
<hideElementsInCurrentOnly>false</hideElementsInCurrentOnly>
<bounds x="308" y="72" width="205" height="143"/>
</OView>
</objectViews>
<connectors>
<Connector class="oracle.dbtools.crest.swingui.logical.TVRelation" oid="0E62180C-74FF-663B-4437-191A0C5D0D02" otype="Relation" vid_source="633B9404-FB90-7026-4C23-24A9C098DD18" vid_target="FD18EFDA-06F8-3512-E5A6-8AD188116AD9">
<hideElementsInCurrentOnly>false</hideElementsInCurrentOnly>
<backgroundColor>-16777216</backgroundColor>
<lineWidth>1</lineWidth>
<points>
<point x="1243" y="387"/>
<point x="1243" y="331"/>
</points>
</Connector>
<Connector class="oracle.dbtools.crest.swingui.logical.TVRelation" oid="1B069402-0920-59AF-6AC8-ACCD00A5E2BC" otype="Relation" vid_source="A409C13A-7F49-D379-62AC-035E3F9314D6" vid_target="F65A69FE-E8CD-ECF4-8F86-7C41D027F19E">
<hideElementsInCurrentOnly>false</hideElementsInCurrentOnly>
<backgroundColor>-16777216</backgroundColor>
<lineWidth>1</lineWidth>
<points>
<point x="513" y="131"/>
<point x="586" y="131"/>
</points>
</Connector>
<Connector class="oracle.dbtools.crest.swingui.logical.TVRelation" oid="2384A2B5-DB14-70BE-37AC-92B967899E1B" otype="Relation" vid_source="F65A69FE-E8CD-ECF4-8F86-7C41D027F19E" vid_target="BBC06FAB-5174-1CFC-33B2-A853916C1A67">
<hideElementsInCurrentOnly>false</hideElementsInCurrentOnly>
<backgroundColor>-16777216</backgroundColor>
<lineWidth>1</lineWidth>
<points>
<point x="714" y="191"/>
<point x="714" y="317"/>
</points>
</Connector>
<Connector class="oracle.dbtools.crest.swingui.logical.TVRelation" oid="40CBBC9B-B803-F28D-7E8B-E225EA2D20C2" otype="Relation" vid_source="A409C13A-7F49-D379-62AC-035E3F9314D6" vid_target="3062D455-87DE-CB43-61BF-8B1E023ECC08">
<hideElementsInCurrentOnly>false</hideElementsInCurrentOnly>
<backgroundColor>-16777216</backgroundColor>
<lineWidth>1</lineWidth>
<points>
<point x="408" y="215"/>
<point x="408" y="312"/>
</points>
</Connector>
<Connector class="oracle.dbtools.crest.swingui.logical.TVRelation" oid="417B0C70-5622-DB54-A698-E7E6A42FA3C1" otype="Relation" vid_source="BB3FF0B4-7369-48A6-8917-C94A6A9E6CCE" vid_target="09756E04-966A-F864-8DCA-5DE6D52B3684">
<hideElementsInCurrentOnly>false</hideElementsInCurrentOnly>
<backgroundColor>-16777216</backgroundColor>
<lineWidth>1</lineWidth>
<points>
<point x="390" y="640"/>
<point x="390" y="782"/>
<point x="416" y="782"/>
</points>
</Connector>
<Connector class="oracle.dbtools.crest.swingui.logical.TVRelation" oid="4C97C0EC-2337-AE59-4165-68DBDC42478A" otype="Relation" vid_source="4317C1CB-F83F-FABC-7ADB-2A53ABADCDAB" vid_target="BBC06FAB-5174-1CFC-33B2-A853916C1A67">
<hideElementsInCurrentOnly>false</hideElementsInCurrentOnly>
<backgroundColor>-16777216</backgroundColor>
<lineWidth>1</lineWidth>
<points>
<point x="749" y="522"/>
<point x="749" y="449"/>
</points>
</Connector>
<Connector class="oracle.dbtools.crest.swingui.logical.TVRelation" oid="652FC29E-DE45-30A1-5C9E-757CE3387BF2" otype="Relation" vid_source="5B569829-28E5-552E-61F9-AF2D8648F8F7" vid_target="633B9404-FB90-7026-4C23-24A9C098DD18">
<hideElementsInCurrentOnly>false</hideElementsInCurrentOnly>
<backgroundColor>-16777216</backgroundColor>
<lineWidth>1</lineWidth>
<points>
<point x="1243" y="510"/>
<point x="1243" y="451"/>
</points>
</Connector>
<Connector class="oracle.dbtools.crest.swingui.logical.TVRelation" oid="66452BE9-95BA-A117-A686-A818C40D9998" otype="Relation" vid_source="3062D455-87DE-CB43-61BF-8B1E023ECC08" vid_target="BB3FF0B4-7369-48A6-8917-C94A6A9E6CCE">
<hideElementsInCurrentOnly>false</hideElementsInCurrentOnly>
<backgroundColor>-16777216</backgroundColor>
<lineWidth>1</lineWidth>
<points>
<point x="408" y="433"/>
<point x="408" y="521"/>
</points>
</Connector>
<Connector class="oracle.dbtools.crest.swingui.logical.TVRelation" oid="746C4FD3-D66C-F20F-2924-36BDFAE23283" otype="Relation" vid_source="F65A69FE-E8CD-ECF4-8F86-7C41D027F19E" vid_target="3B4228D5-13E1-0797-EEDB-3A08DD540505">
<hideElementsInCurrentOnly>false</hideElementsInCurrentOnly>
<backgroundColor>-16777216</backgroundColor>
<lineWidth>1</lineWidth>
<points>
<point x="761" y="126"/>
<point x="854" y="126"/>
</points>
</Connector>
<Connector class="oracle.dbtools.crest.swingui.logical.TVRelation" oid="79A483EA-F946-4782-DB7B-BA8EA719AD46" otype="Relation" vid_source="09756E04-966A-F864-8DCA-5DE6D52B3684" vid_target="8C84C08C-EC7F-FD72-2928-39FD491691C9">
<hideElementsInCurrentOnly>false</hideElementsInCurrentOnly>
<backgroundColor>-16777216</backgroundColor>
<lineWidth>1</lineWidth>
<points>
<point x="560" y="823"/>
<point x="997" y="823"/>
</points>
</Connector>
<Connector class="oracle.dbtools.crest.swingui.logical.TVRelation" oid="7FFE1617-2129-5A8D-C603-896087763167" otype="Relation" vid_source="FD18EFDA-06F8-3512-E5A6-8AD188116AD9" vid_target="8C84C08C-EC7F-FD72-2928-39FD491691C9">
<hideElementsInCurrentOnly>false</hideElementsInCurrentOnly>
<backgroundColor>-16777216</backgroundColor>
<lineWidth>1</lineWidth>
<points>
<point x="1143" y="331"/>
<point x="1119" y="361"/>
<point x="1119" y="768"/>
</points>
</Connector>
<Connector class="oracle.dbtools.crest.swingui.logical.TVRelation" oid="8A309DD7-D36E-0D9B-BE5E-0F9EC1B446CE" otype="Relation" vid_source="4317C1CB-F83F-FABC-7ADB-2A53ABADCDAB" vid_target="09756E04-966A-F864-8DCA-5DE6D52B3684">
<hideElementsInCurrentOnly>false</hideElementsInCurrentOnly>
<backgroundColor>-16777216</backgroundColor>
<lineWidth>1</lineWidth>
<points>
<point x="751" y="666"/>
<point x="751" y="738"/>
<point x="560" y="738"/>
</points>
</Connector>
<Connector class="oracle.dbtools.crest.swingui.logical.TVRelation" oid="9DB808AE-3090-4644-A229-2EA78686D492" otype="Relation" vid_source="BF98EB84-7E2A-EA0F-59C9-ECA4E3CC3945" vid_target="4317C1CB-F83F-FABC-7ADB-2A53ABADCDAB">
<hideElementsInCurrentOnly>false</hideElementsInCurrentOnly>
<backgroundColor>-16777216</backgroundColor>
<lineWidth>1</lineWidth>
<points>
<point x="951" y="594"/>
<point x="902" y="594"/>
<point x="840" y="593"/>
<point x="831" y="593"/>
</points>
</Connector>
<Connector class="oracle.dbtools.crest.swingui.logical.TVRelation" oid="A77DACC4-D617-47AE-F1C1-CCE878176594" otype="Relation" vid_source="BF98EB84-7E2A-EA0F-59C9-ECA4E3CC3945" vid_target="3B4228D5-13E1-0797-EEDB-3A08DD540505">
<hideElementsInCurrentOnly>false</hideElementsInCurrentOnly>
<backgroundColor>-16777216</backgroundColor>
<lineWidth>1</lineWidth>
<points>
<point x="1012" y="504"/>
<point x="1012" y="181"/>
</points>
</Connector>
<Connector class="oracle.dbtools.crest.swingui.logical.TVRelation" oid="A7E31742-07B4-12D0-C4CD-C79042FA0EED" otype="Relation" vid_source="41E00334-690E-B4EC-3893-5B15D010A19D" vid_target="BB3FF0B4-7369-48A6-8917-C94A6A9E6CCE">
<hideElementsInCurrentOnly>false</hideElementsInCurrentOnly>
<backgroundColor>-16777216</backgroundColor>
<lineWidth>1</lineWidth>
<points>
<point x="195" y="544"/>
<point x="312" y="544"/>
</points>
</Connector>
<Connector class="oracle.dbtools.crest.swingui.logical.TVRelation" oid="C440AF7A-5CED-0151-F9B9-E915DB71FC46" otype="Relation" vid_source="F65A69FE-E8CD-ECF4-8F86-7C41D027F19E" vid_target="09756E04-966A-F864-8DCA-5DE6D52B3684">
<hideElementsInCurrentOnly>false</hideElementsInCurrentOnly>
<backgroundColor>-16777216</backgroundColor>
<lineWidth>1</lineWidth>
<points>
<point x="586" y="191"/>
<point x="529" y="273"/>
<point x="529" y="722"/>
</points>
</Connector>
<Connector class="oracle.dbtools.crest.swingui.logical.TVRelation" oid="D920E47B-6F0F-DB5B-6ADF-3D7D98A482B6" otype="Relation" vid_source="3B4228D5-13E1-0797-EEDB-3A08DD540505" vid_target="FD18EFDA-06F8-3512-E5A6-8AD188116AD9">
<hideElementsInCurrentOnly>false</hideElementsInCurrentOnly>
<backgroundColor>-16777216</backgroundColor>
<lineWidth>1</lineWidth>
<points>
<point x="1073" y="161"/>
<point x="1143" y="161"/>
</points>
</Connector>
<Connector class="oracle.dbtools.crest.swingui.logical.TVRelation" oid="DC3D7F24-B554-DD82-CC30-47606D2E9418" otype="Relation" vid_source="15FCACBB-1CEE-8FA0-AA45-890E5ACDFD93" vid_target="633B9404-FB90-7026-4C23-24A9C098DD18">
<hideElementsInCurrentOnly>false</hideElementsInCurrentOnly>
<backgroundColor>-16777216</backgroundColor>
<lineWidth>1</lineWidth>
<points>
<point x="1397" y="419"/>
<point x="1347" y="419"/>
</points>
</Connector>
<Connector class="oracle.dbtools.crest.swingui.logical.TVRelation" oid="E4DA37D7-0B11-9AFA-79F6-1E442AEA6A9A" otype="Relation" vid_source="41E00334-690E-B4EC-3893-5B15D010A19D" vid_target="A823332A-E3BB-BDB9-B06F-3F5777F03C70">
<hideElementsInCurrentOnly>false</hideElementsInCurrentOnly>
<backgroundColor>-16777216</backgroundColor>
<lineWidth>1</lineWidth>
<points>
<point x="107" y="568"/>
<point x="107" y="673"/>
</points>
</Connector>
</connectors>
</Display>
<Display class="oracle.dbtools.crest.swingui.logical.DPVLogical" name="Display_2" id="207188DA-F137-E613-25F3-90A296683374">
<createdBy>prana</createdBy>
<modifiedBy>prana</modifiedBy>
<createdTime>2023-05-03 03:25:08 UTC</createdTime>
<autoRoute>false</autoRoute>
<boxInbox>true</boxInbox>
<showLegend>true</showLegend>
<showLabels>false</showLabels>
<showRelAttributes>false</showRelAttributes>
<gridEnabled>false</gridEnabled>
<showGrid>false</showGrid>
<diagramColor>-1</diagramColor>
<display>true</display>
<notation>2</notation>
<showAllDetails>false</showAllDetails>
<showElements>true</showElements>
<objectViews>
<OView class="oracle.dbtools.crest.swingui.logical.TVEntity" oid="06B96073-D278-4F86-10AF-F46B780ED2B7" otype="Entity" vid="A3095F03-3DB4-7A98-E178-D0B21DAE0964">
<hideElementsInCurrentOnly>false</hideElementsInCurrentOnly>
<bounds x="655" y="522" width="176" height="144"/>
</OView>
<OView class="oracle.dbtools.crest.swingui.logical.TVEntity" oid="102E1617-A151-6228-1BA1-8C01C6C4E2A7" otype="Entity" vid="C6DEEFEE-48B0-7C09-8491-CDB96098A8D6">
<hideElementsInCurrentOnly>false</hideElementsInCurrentOnly>
<bounds x="1397" y="365" width="169" height="121"/>
</OView>
<OView class="oracle.dbtools.crest.swingui.logical.TVEntity" oid="1A4EF6DC-107B-685E-93DC-A0037FAD0166" otype="Entity" vid="31A71432-E7D7-9CAF-2F75-4BAC942CE004">
<hideElementsInCurrentOnly>false</hideElementsInCurrentOnly>
<bounds x="667" y="317" width="200" height="132"/>
</OView>
<OView class="oracle.dbtools.crest.swingui.logical.TVEntity" oid="40A18A28-6B2D-48C0-BB21-14E25C1827DF" otype="Entity" vid="743D9CA8-5C16-5762-6E3B-7F77F2CAD95C">
<hideElementsInCurrentOnly>false</hideElementsInCurrentOnly>
<bounds x="19" y="673" width="174" height="108"/>
</OView>
<OView class="oracle.dbtools.crest.swingui.logical.TVEntity" oid="4A478C7A-C3A0-EDCF-D5D6-62D5E3C88E07" otype="Entity" vid="AD3410D9-AD5A-32BF-DD53-F51C10DE9401">
<hideElementsInCurrentOnly>false</hideElementsInCurrentOnly>
<bounds x="586" y="70" width="175" height="121"/>
</OView>
<OView class="oracle.dbtools.crest.swingui.logical.TVEntity" oid="5D66743D-79D0-6593-FB79-33E6060E841F" otype="Entity" vid="D01C2222-FD79-1C27-9E1D-E8F4E1CE6EF6">
<hideElementsInCurrentOnly>false</hideElementsInCurrentOnly>
<bounds x="314" y="312" width="189" height="121"/>
</OView>
<OView class="oracle.dbtools.crest.swingui.logical.TVEntity" oid="6D4BE350-2509-1A76-3D15-4337B8CB04D3" otype="Entity" vid="C70D3828-C55A-06A7-404E-630FC61946B1">
<hideElementsInCurrentOnly>false</hideElementsInCurrentOnly>
<bounds x="854" y="72" width="219" height="109"/>
</OView>
<OView class="oracle.dbtools.crest.swingui.logical.TVEntity" oid="6E56EEEE-FCBD-67DD-C168-77FC332EB4BE" otype="Entity" vid="7F168866-0420-968E-A2BD-0C417E458F02">
<hideElementsInCurrentOnly>false</hideElementsInCurrentOnly>
<bounds x="21" y="455" width="174" height="113"/>
</OView>
<OView class="oracle.dbtools.crest.swingui.logical.TVEntity" oid="75EE6D26-7308-5505-023E-D5138566A23C" otype="Entity" vid="DDA8FB1F-232A-3D7C-650C-F36303E64788">
<hideElementsInCurrentOnly>false</hideElementsInCurrentOnly>
<bounds x="1143" y="142" width="200" height="189"/>
</OView>
<OView class="oracle.dbtools.crest.swingui.logical.TVEntity" oid="786478CA-5A3C-809B-F2EC-712F829BFE74" otype="Entity" vid="183BDBF7-9E4F-0674-EA1D-3E873E479F8F">
<hideElementsInCurrentOnly>false</hideElementsInCurrentOnly>
<bounds x="1139" y="510" width="213" height="117"/>
</OView>
<OView class="oracle.dbtools.crest.swingui.logical.TVEntity" oid="831FCFE3-7890-4A25-0211-F3EB823A1D90" otype="Entity" vid="48A37D36-3CAF-BF5D-3D21-88E86061F39E">
<hideElementsInCurrentOnly>false</hideElementsInCurrentOnly>
<bounds x="1139" y="387" width="208" height="64"/>
</OView>
<OView class="oracle.dbtools.crest.swingui.logical.TVEntity" oid="A298E340-823B-8644-0230-F03D8D98D63F" otype="Entity" vid="069EDC47-60F2-BAB8-A96A-680F523F1ED1">
<hideElementsInCurrentOnly>false</hideElementsInCurrentOnly>
<bounds x="312" y="521" width="191" height="119"/>
</OView>
<OView class="oracle.dbtools.crest.swingui.logical.TVEntity" oid="A3902C44-2F25-410C-A2B7-059CC3ADDBBE" otype="Entity" vid="ABB95360-1FE3-F56B-3D6F-077B8828EEE2">
<hideElementsInCurrentOnly>false</hideElementsInCurrentOnly>
<bounds x="951" y="504" width="149" height="119"/>
</OView>
<OView class="oracle.dbtools.crest.swingui.logical.TVEntity" oid="B4E70E92-6064-35D5-85CD-258C288BF90C" otype="Entity" vid="6E390EB7-031E-1011-F2B6-10BAFA9D82EA">
<hideElementsInCurrentOnly>false</hideElementsInCurrentOnly>
<bounds x="416" y="722" width="144" height="168"/>
</OView>
<OView class="oracle.dbtools.crest.swingui.logical.TVEntity" oid="BB135B4D-B0ED-5658-6991-7E6698B0F5B3" otype="Entity" vid="2DEC4B0E-5C99-5E48-6BF2-062778462304">
<hideElementsInCurrentOnly>false</hideElementsInCurrentOnly>
<bounds x="997" y="768" width="255" height="110"/>
</OView>
<OView class="oracle.dbtools.crest.swingui.TVLegend" oid="C149BE8B-8130-04D3-39FA-12DFA1CE2F4D" otype="Legend" vid="FF53C5F2-A1C6-D8F2-CCE9-40F1F031D1F6">
<hideElementsInCurrentOnly>false</hideElementsInCurrentOnly>
<bounds x="10" y="10" width="242" height="135"/>
</OView>
<OView class="oracle.dbtools.crest.swingui.logical.TVEntity" oid="FCE762FA-7406-ACD8-DD6E-DCD94712F297" otype="Entity" vid="E61C3BDD-4539-7838-7B6B-DC58AC997F78">
<hideElementsInCurrentOnly>false</hideElementsInCurrentOnly>
<bounds x="308" y="72" width="205" height="143"/>
</OView>
</objectViews>
<connectors>
<Connector class="oracle.dbtools.crest.swingui.logical.TVRelation" oid="0E62180C-74FF-663B-4437-191A0C5D0D02" otype="Relation" vid_source="48A37D36-3CAF-BF5D-3D21-88E86061F39E" vid_target="DDA8FB1F-232A-3D7C-650C-F36303E64788">
<hideElementsInCurrentOnly>false</hideElementsInCurrentOnly>
<backgroundColor>-16777216</backgroundColor>
<lineWidth>1</lineWidth>
<points>
<point x="1243" y="387"/>
<point x="1243" y="331"/>
</points>
</Connector>
<Connector class="oracle.dbtools.crest.swingui.logical.TVRelation" oid="1B069402-0920-59AF-6AC8-ACCD00A5E2BC" otype="Relation" vid_source="E61C3BDD-4539-7838-7B6B-DC58AC997F78" vid_target="AD3410D9-AD5A-32BF-DD53-F51C10DE9401">
<hideElementsInCurrentOnly>false</hideElementsInCurrentOnly>
<backgroundColor>-16777216</backgroundColor>
<lineWidth>1</lineWidth>
<points>
<point x="513" y="131"/>
<point x="586" y="131"/>
</points>
</Connector>
<Connector class="oracle.dbtools.crest.swingui.logical.TVRelation" oid="2384A2B5-DB14-70BE-37AC-92B967899E1B" otype="Relation" vid_source="AD3410D9-AD5A-32BF-DD53-F51C10DE9401" vid_target="31A71432-E7D7-9CAF-2F75-4BAC942CE004">
<hideElementsInCurrentOnly>false</hideElementsInCurrentOnly>
<backgroundColor>-16777216</backgroundColor>
<lineWidth>1</lineWidth>
<points>
<point x="714" y="191"/>
<point x="714" y="317"/>
</points>
</Connector>
<Connector class="oracle.dbtools.crest.swingui.logical.TVRelation" oid="40CBBC9B-B803-F28D-7E8B-E225EA2D20C2" otype="Relation" vid_source="E61C3BDD-4539-7838-7B6B-DC58AC997F78" vid_target="D01C2222-FD79-1C27-9E1D-E8F4E1CE6EF6">
<hideElementsInCurrentOnly>false</hideElementsInCurrentOnly>
<backgroundColor>-16777216</backgroundColor>
<lineWidth>1</lineWidth>
<points>
<point x="408" y="215"/>
<point x="408" y="312"/>
</points>
</Connector>
<Connector class="oracle.dbtools.crest.swingui.logical.TVRelation" oid="417B0C70-5622-DB54-A698-E7E6A42FA3C1" otype="Relation" vid_source="069EDC47-60F2-BAB8-A96A-680F523F1ED1" vid_target="6E390EB7-031E-1011-F2B6-10BAFA9D82EA">
<hideElementsInCurrentOnly>false</hideElementsInCurrentOnly>
<backgroundColor>-16777216</backgroundColor>
<lineWidth>1</lineWidth>
<points>
<point x="390" y="640"/>
<point x="390" y="782"/>
<point x="416" y="782"/>
</points>
</Connector>
<Connector class="oracle.dbtools.crest.swingui.logical.TVRelation" oid="4C97C0EC-2337-AE59-4165-68DBDC42478A" otype="Relation" vid_source="A3095F03-3DB4-7A98-E178-D0B21DAE0964" vid_target="31A71432-E7D7-9CAF-2F75-4BAC942CE004">
<hideElementsInCurrentOnly>false</hideElementsInCurrentOnly>
<backgroundColor>-16777216</backgroundColor>
<lineWidth>1</lineWidth>
<points>
<point x="749" y="522"/>
<point x="749" y="449"/>
</points>
</Connector>
<Connector class="oracle.dbtools.crest.swingui.logical.TVRelation" oid="652FC29E-DE45-30A1-5C9E-757CE3387BF2" otype="Relation" vid_source="183BDBF7-9E4F-0674-EA1D-3E873E479F8F" vid_target="48A37D36-3CAF-BF5D-3D21-88E86061F39E">
<hideElementsInCurrentOnly>false</hideElementsInCurrentOnly>
<backgroundColor>-16777216</backgroundColor>
<lineWidth>1</lineWidth>
<points>
<point x="1243" y="510"/>
<point x="1243" y="451"/>
</points>
</Connector>
<Connector class="oracle.dbtools.crest.swingui.logical.TVRelation" oid="66452BE9-95BA-A117-A686-A818C40D9998" otype="Relation" vid_source="D01C2222-FD79-1C27-9E1D-E8F4E1CE6EF6" vid_target="069EDC47-60F2-BAB8-A96A-680F523F1ED1">
<hideElementsInCurrentOnly>false</hideElementsInCurrentOnly>
<backgroundColor>-16777216</backgroundColor>
<lineWidth>1</lineWidth>
<points>
<point x="408" y="433"/>
<point x="408" y="521"/>
</points>
</Connector>
<Connector class="oracle.dbtools.crest.swingui.logical.TVRelation" oid="746C4FD3-D66C-F20F-2924-36BDFAE23283" otype="Relation" vid_source="AD3410D9-AD5A-32BF-DD53-F51C10DE9401" vid_target="C70D3828-C55A-06A7-404E-630FC61946B1">
<hideElementsInCurrentOnly>false</hideElementsInCurrentOnly>
<backgroundColor>-16777216</backgroundColor>
<lineWidth>1</lineWidth>
<points>
<point x="761" y="126"/>
<point x="854" y="126"/>
</points>
</Connector>
<Connector class="oracle.dbtools.crest.swingui.logical.TVRelation" oid="79A483EA-F946-4782-DB7B-BA8EA719AD46" otype="Relation" vid_source="6E390EB7-031E-1011-F2B6-10BAFA9D82EA" vid_target="2DEC4B0E-5C99-5E48-6BF2-062778462304">
<hideElementsInCurrentOnly>false</hideElementsInCurrentOnly>
<backgroundColor>-16777216</backgroundColor>
<lineWidth>1</lineWidth>
<points>
<point x="560" y="823"/>
<point x="997" y="823"/>
</points>
</Connector>
<Connector class="oracle.dbtools.crest.swingui.logical.TVRelation" oid="7FFE1617-2129-5A8D-C603-896087763167" otype="Relation" vid_source="DDA8FB1F-232A-3D7C-650C-F36303E64788" vid_target="2DEC4B0E-5C99-5E48-6BF2-062778462304">
<hideElementsInCurrentOnly>false</hideElementsInCurrentOnly>
<backgroundColor>-16777216</backgroundColor>
<lineWidth>1</lineWidth>
<points>
<point x="1143" y="331"/>
<point x="1119" y="361"/>
<point x="1119" y="768"/>
</points>
</Connector>
<Connector class="oracle.dbtools.crest.swingui.logical.TVRelation" oid="8A309DD7-D36E-0D9B-BE5E-0F9EC1B446CE" otype="Relation" vid_source="A3095F03-3DB4-7A98-E178-D0B21DAE0964" vid_target="6E390EB7-031E-1011-F2B6-10BAFA9D82EA">
<hideElementsInCurrentOnly>false</hideElementsInCurrentOnly>
<backgroundColor>-16777216</backgroundColor>
<lineWidth>1</lineWidth>
<points>
<point x="751" y="666"/>
<point x="751" y="738"/>
<point x="560" y="738"/>
</points>
</Connector>
<Connector class="oracle.dbtools.crest.swingui.logical.TVRelation" oid="9DB808AE-3090-4644-A229-2EA78686D492" otype="Relation" vid_source="ABB95360-1FE3-F56B-3D6F-077B8828EEE2" vid_target="A3095F03-3DB4-7A98-E178-D0B21DAE0964">
<hideElementsInCurrentOnly>false</hideElementsInCurrentOnly>
<backgroundColor>-16777216</backgroundColor>
<lineWidth>1</lineWidth>
<points>
<point x="951" y="594"/>
<point x="902" y="594"/>
<point x="840" y="593"/>
<point x="831" y="593"/>
</points>
</Connector>
<Connector class="oracle.dbtools.crest.swingui.logical.TVRelation" oid="A77DACC4-D617-47AE-F1C1-CCE878176594" otype="Relation" vid_source="ABB95360-1FE3-F56B-3D6F-077B8828EEE2" vid_target="C70D3828-C55A-06A7-404E-630FC61946B1">
<hideElementsInCurrentOnly>false</hideElementsInCurrentOnly>
<backgroundColor>-16777216</backgroundColor>
<lineWidth>1</lineWidth>
<points>
<point x="1012" y="504"/>
<point x="1012" y="181"/>
</points>
</Connector>
<Connector class="oracle.dbtools.crest.swingui.logical.TVRelation" oid="A7E31742-07B4-12D0-C4CD-C79042FA0EED" otype="Relation" vid_source="7F168866-0420-968E-A2BD-0C417E458F02" vid_target="069EDC47-60F2-BAB8-A96A-680F523F1ED1">
<hideElementsInCurrentOnly>false</hideElementsInCurrentOnly>
<backgroundColor>-16777216</backgroundColor>
<lineWidth>1</lineWidth>
<points>
<point x="195" y="544"/>
<point x="312" y="544"/>
</points>
</Connector>
<Connector class="oracle.dbtools.crest.swingui.logical.TVRelation" oid="C440AF7A-5CED-0151-F9B9-E915DB71FC46" otype="Relation" vid_source="AD3410D9-AD5A-32BF-DD53-F51C10DE9401" vid_target="6E390EB7-031E-1011-F2B6-10BAFA9D82EA">
<hideElementsInCurrentOnly>false</hideElementsInCurrentOnly>
<backgroundColor>-16777216</backgroundColor>
<lineWidth>1</lineWidth>
<points>
<point x="586" y="191"/>
<point x="529" y="273"/>
<point x="529" y="722"/>
</points>
</Connector>
<Connector class="oracle.dbtools.crest.swingui.logical.TVRelation" oid="D920E47B-6F0F-DB5B-6ADF-3D7D98A482B6" otype="Relation" vid_source="C70D3828-C55A-06A7-404E-630FC61946B1" vid_target="DDA8FB1F-232A-3D7C-650C-F36303E64788">
<hideElementsInCurrentOnly>false</hideElementsInCurrentOnly>
<backgroundColor>-16777216</backgroundColor>
<lineWidth>1</lineWidth>
<points>
<point x="1073" y="161"/>
<point x="1143" y="161"/>
</points>
</Connector>
<Connector class="oracle.dbtools.crest.swingui.logical.TVRelation" oid="DC3D7F24-B554-DD82-CC30-47606D2E9418" otype="Relation" vid_source="C6DEEFEE-48B0-7C09-8491-CDB96098A8D6" vid_target="48A37D36-3CAF-BF5D-3D21-88E86061F39E">
<hideElementsInCurrentOnly>false</hideElementsInCurrentOnly>
<backgroundColor>-16777216</backgroundColor>
<lineWidth>1</lineWidth>
<points>
<point x="1397" y="419"/>
<point x="1347" y="419"/>
</points>
</Connector>
<Connector class="oracle.dbtools.crest.swingui.logical.TVRelation" oid="E4DA37D7-0B11-9AFA-79F6-1E442AEA6A9A" otype="Relation" vid_source="7F168866-0420-968E-A2BD-0C417E458F02" vid_target="743D9CA8-5C16-5762-6E3B-7F77F2CAD95C">
<hideElementsInCurrentOnly>false</hideElementsInCurrentOnly>
<backgroundColor>-16777216</backgroundColor>
<lineWidth>1</lineWidth>
<points>
<point x="107" y="568"/>
<point x="107" y="673"/>
</points>
</Connector>
</connectors>
</Display>
</displays>
</Diagram>
