<?xml version = '1.0' encoding = 'UTF-8'?>
<Diagram class="oracle.dbtools.crest.swingui.logical.DPVLogical" name="Logical" id="414F6623-4E2D-055B-E3F5-4E3321E99B55">
<createdBy>grop_184</createdBy>
<modifiedBy>group_184</modifiedBy>
<createdTime>2023-05-01 01:58:00 UTC</createdTime>
<autoRoute>false</autoRoute>
<boxInbox>true</boxInbox>
<showLegend>true</showLegend>
<showLabels>true</showLabels>
<showRelAttributes>false</showRelAttributes>
<gridEnabled>false</gridEnabled>
<showGrid>false</showGrid>
<diagramColor>-1</diagramColor>
<display>false</display>
<notation>2</notation>
<showAllDetails>false</showAllDetails>
<showElements>true</showElements>
<objectViews>
<OView class="oracle.dbtools.crest.swingui.logical.TVEntity" oid="06B96073-D278-4F86-10AF-F46B780ED2B7" otype="Entity" vid="E4F111C9-F0AF-3212-15E0-E40111376763">
<hideElementsInCurrentOnly>false</hideElementsInCurrentOnly>
<bounds x="662" y="488" width="252" height="143"/>
</OView>
<OView class="oracle.dbtools.crest.swingui.logical.TVEntity" oid="1A4EF6DC-107B-685E-93DC-A0037FAD0166" otype="Entity" vid="C348B6C0-379A-08D8-E9C6-A70CD635F28C">
<hideElementsInCurrentOnly>false</hideElementsInCurrentOnly>
<bounds x="674" y="280" width="200" height="132"/>
</OView>
<OView class="oracle.dbtools.crest.swingui.logical.TVEntity" oid="40A18A28-6B2D-48C0-BB21-14E25C1827DF" otype="Entity" vid="828A5F55-9E27-4F2B-3F6A-D88A4015476B">
<hideElementsInCurrentOnly>false</hideElementsInCurrentOnly>
<bounds x="0" y="697" width="272" height="132"/>
</OView>
<OView class="oracle.dbtools.crest.swingui.logical.TVEntity" oid="594B8053-DD8C-0C10-AB02-D7DBD4489810" otype="Entity" vid="38BB85E2-DBDE-C7AB-B208-8B2770050257">
<hideElementsInCurrentOnly>false</hideElementsInCurrentOnly>
<bounds x="678" y="82" width="180" height="139"/>
</OView>
<OView class="oracle.dbtools.crest.swingui.logical.TVEntity" oid="5D66743D-79D0-6593-FB79-33E6060E841F" otype="Entity" vid="BEC06BE0-C3D5-3133-0735-54FE652AC8D1">
<hideElementsInCurrentOnly>false</hideElementsInCurrentOnly>
<bounds x="314" y="312" width="229" height="121"/>
</OView>
<OView class="oracle.dbtools.crest.swingui.logical.TVEntity" oid="6D4BE350-2509-1A76-3D15-4337B8CB04D3" otype="Entity" vid="941735F4-B4A0-6FF2-36C3-A168F3B2C470">
<hideElementsInCurrentOnly>false</hideElementsInCurrentOnly>
<bounds x="1013" y="105" width="175" height="135"/>
</OView>
<OView class="oracle.dbtools.crest.swingui.logical.TVEntity" oid="6E56EEEE-FCBD-67DD-C168-77FC332EB4BE" otype="Entity" vid="14BD0E66-43A6-5060-0138-24680FE44B54">
<hideElementsInCurrentOnly>false</hideElementsInCurrentOnly>
<bounds x="21" y="455" width="230" height="147"/>
</OView>
<OView class="oracle.dbtools.crest.swingui.logical.TVEntity" oid="A298E340-823B-8644-0230-F03D8D98D63F" otype="Entity" vid="78CDCE56-2473-D702-D4DD-D230EAF85E5D">
<hideElementsInCurrentOnly>false</hideElementsInCurrentOnly>
<bounds x="352" y="518" width="225" height="119"/>
</OView>
<OView class="oracle.dbtools.crest.swingui.logical.TVEntity" oid="A3902C44-2F25-410C-A2B7-059CC3ADDBBE" otype="Entity" vid="EDAFF466-8141-593C-B4B9-621402D7BB27">
<hideElementsInCurrentOnly>false</hideElementsInCurrentOnly>
<bounds x="996" y="413" width="149" height="118"/>
</OView>
<OView class="oracle.dbtools.crest.swingui.logical.TVEntity" oid="B4E70E92-6064-35D5-85CD-258C288BF90C" otype="Entity" vid="2B5DC7B3-C286-A3B5-C1D6-62C65F5978E9">
<hideElementsInCurrentOnly>false</hideElementsInCurrentOnly>
<bounds x="410" y="725" width="344" height="87"/>
</OView>
<OView class="oracle.dbtools.crest.swingui.TVLegend" oid="F81CD912-C99E-71CB-45EF-864BC934454E" otype="Legend" vid="CB51C5B3-1B69-E0AF-1636-1FAB3EC60C6C">
<hideElementsInCurrentOnly>false</hideElementsInCurrentOnly>
<bounds x="10" y="10" width="232" height="135"/>
</OView>
<OView class="oracle.dbtools.crest.swingui.logical.TVEntity" oid="FCE762FA-7406-ACD8-DD6E-DCD94712F297" otype="Entity" vid="00C64D7F-9D52-1B66-6FD5-48ED076E2D29">
<hideElementsInCurrentOnly>false</hideElementsInCurrentOnly>
<bounds x="308" y="72" width="269" height="168"/>
</OView>
</objectViews>
<connectors>
<Connector class="oracle.dbtools.crest.swingui.logical.TVRelation" oid="40CBBC9B-B803-F28D-7E8B-E225EA2D20C2" otype="Relation" vid_source="00C64D7F-9D52-1B66-6FD5-48ED076E2D29" vid_target="BEC06BE0-C3D5-3133-0735-54FE652AC8D1">
<hideElementsInCurrentOnly>false</hideElementsInCurrentOnly>
<backgroundColor>-16777216</backgroundColor>
<lineWidth>1</lineWidth>
<sourceLabel class="oracle.dbtools.crest.model.design.Label">
<site>0</site>
<labelBounds x="428" y="276" width="79" height="30"/>
<noBackgroundColor>true</noBackgroundColor>
<noForegroundColor>true</noForegroundColor>
</sourceLabel>
<targetLabel class="oracle.dbtools.crest.model.design.Label">
<site>2</site>
<labelBounds x="428" y="276" width="18" height="30"/>
<noBackgroundColor>true</noBackgroundColor>
<noForegroundColor>true</noForegroundColor>
</targetLabel>
<points>
<point x="428" y="240"/>
<point x="428" y="312"/>
</points>
</Connector>
<Connector class="oracle.dbtools.crest.swingui.logical.TVRelation" oid="66452BE9-95BA-A117-A686-A818C40D9998" otype="Relation" vid_source="BEC06BE0-C3D5-3133-0735-54FE652AC8D1" vid_target="78CDCE56-2473-D702-D4DD-D230EAF85E5D">
<hideElementsInCurrentOnly>false</hideElementsInCurrentOnly>
<backgroundColor>-16777216</backgroundColor>
<lineWidth>1</lineWidth>
<sourceLabel class="oracle.dbtools.crest.model.design.Label">
<site>0</site>
<labelBounds x="447" y="477" width="66" height="30"/>
<noBackgroundColor>true</noBackgroundColor>
<noForegroundColor>true</noForegroundColor>
</sourceLabel>
<targetLabel class="oracle.dbtools.crest.model.design.Label">
<site>2</site>
<labelBounds x="447" y="482" width="18" height="30"/>
<noBackgroundColor>true</noBackgroundColor>
<noForegroundColor>true</noForegroundColor>
</targetLabel>
<points>
<point x="447" y="433"/>
<point x="447" y="518"/>
</points>
</Connector>
<Connector class="oracle.dbtools.crest.swingui.logical.TVRelation" oid="A7E31742-07B4-12D0-C4CD-C79042FA0EED" otype="Relation" vid_source="14BD0E66-43A6-5060-0138-24680FE44B54" vid_target="78CDCE56-2473-D702-D4DD-D230EAF85E5D">
<hideElementsInCurrentOnly>false</hideElementsInCurrentOnly>
<backgroundColor>-16777216</backgroundColor>
<lineWidth>1</lineWidth>
<sourceLabel class="oracle.dbtools.crest.model.design.Label">
<site>0</site>
<labelBounds x="261" y="530" width="60" height="30"/>
<noBackgroundColor>true</noBackgroundColor>
<noForegroundColor>true</noForegroundColor>
</sourceLabel>
<targetLabel class="oracle.dbtools.crest.model.design.Label">
<site>2</site>
<labelBounds x="328" y="563" width="18" height="30"/>
<noBackgroundColor>true</noBackgroundColor>
<noForegroundColor>true</noForegroundColor>
</targetLabel>
<points>
<point x="251" y="560"/>
<point x="352" y="560"/>
</points>
</Connector>
<Connector class="oracle.dbtools.crest.swingui.logical.TVRelation" oid="E4DA37D7-0B11-9AFA-79F6-1E442AEA6A9A" otype="Relation" vid_source="14BD0E66-43A6-5060-0138-24680FE44B54" vid_target="828A5F55-9E27-4F2B-3F6A-D88A4015476B">
<hideElementsInCurrentOnly>false</hideElementsInCurrentOnly>
<backgroundColor>-16777216</backgroundColor>
<lineWidth>1</lineWidth>
<sourceLabel class="oracle.dbtools.crest.model.design.Label">
<site>0</site>
<labelBounds x="147" y="638" width="18" height="30"/>
<noBackgroundColor>true</noBackgroundColor>
<noForegroundColor>true</noForegroundColor>
</sourceLabel>
<targetLabel class="oracle.dbtools.crest.model.design.Label">
<site>2</site>
<labelBounds x="151" y="661" width="46" height="30"/>
<noBackgroundColor>true</noBackgroundColor>
<noForegroundColor>true</noForegroundColor>
</targetLabel>
<points>
<point x="147" y="602"/>
<point x="151" y="697"/>
</points>
</Connector>
</connectors>
</Diagram>
