<?xml version = '1.0' encoding = 'UTF-8'?>
<Table class="oracle.dbtools.crest.model.design.relational.Table" directorySegmentName="seg_0" id="073E84B7-E31E-D9B7-BDED-7264A204CBBC" name="PROPERTY">
<createdBy>prana</createdBy>
<createdTime>2023-05-03 03:25:34 UTC</createdTime>
<generatorID>A298E340-823B-8644-0230-F03D8D98D63F</generatorID>
<ownerDesignName>cui_orclemodel</ownerDesignName>
<allowColumnReorder>false</allowColumnReorder>
<existDependencyGenerateInDDl>true</existDependencyGenerateInDDl>
<parsed>true</parsed>
<columns itemClass="oracle.dbtools.crest.model.design.relational.Column">
<Column name="prop_num" id="0A7BAD0C-B41D-2C67-DB9B-C651B644FE0C">
<createdBy>prana</createdBy>
<createdTime>2023-05-03 03:25:34 UTC</createdTime>
<commentInRDBMS><![CDATA[property number]]></commentInRDBMS>
<generatorID>B730F011-08B0-478D-8B1B-7D3C64696FC4</generatorID>
<ownerDesignName>cui_orclemodel</ownerDesignName>
<useDomainConstraints>false</useDomainConstraints>
<use>1</use>
<logicalDatatype>LOGDT019</logicalDatatype>
<dataTypePrecision>5</dataTypePrecision>
<ownDataTypeParameters>,5,</ownDataTypeParameters>
<autoIncrementCycle>false</autoIncrementCycle>
</Column>
<Column name="auth_name" id="59295761-7BC6-83DC-4D0D-7CC9B9E89332">
<createdBy>prana</createdBy>
<createdTime>2023-05-03 03:25:34 UTC</createdTime>
<commentInRDBMS><![CDATA[authority name
]]></commentInRDBMS>
<generatorID>9E5D6223-D96A-1A76-963C-4A80B6AE4686</generatorID>
<ownerDesignName>cui_orclemodel</ownerDesignName>
<useDomainConstraints>false</useDomainConstraints>
<use>1</use>
<logicalDatatype>LOGDT024</logicalDatatype>
<dataTypeSize>20</dataTypeSize>
<ownDataTypeParameters>,,</ownDataTypeParameters>
<previousColumn>false</previousColumn>
<autoIncrementCycle>false</autoIncrementCycle>
<associations>
<colAssociation fkAssociation="FC762E1D-F47E-FBCD-2A10-FE9853E42B01" referredColumn="C8F71DA9-C207-F42C-B121-F2F1ED37B43D"/>
</associations>
</Column>
<Column name="street_id" id="693FDB8D-BBC0-CE74-F6D1-5355B696713C">
<createdBy>prana</createdBy>
<createdTime>2023-05-03 03:25:34 UTC</createdTime>
<commentInRDBMS><![CDATA[street id]]></commentInRDBMS>
<generatorID>41A3AFCF-7984-56A5-322B-E26698FD265E</generatorID>
<ownerDesignName>cui_orclemodel</ownerDesignName>
<useDomainConstraints>false</useDomainConstraints>
<use>1</use>
<logicalDatatype>LOGDT025</logicalDatatype>
<dataTypeSize>7</dataTypeSize>
<ownDataTypeParameters>,,</ownDataTypeParameters>
<previousColumn>false</previousColumn>
<autoIncrementCycle>false</autoIncrementCycle>
<associations>
<colAssociation fkAssociation="FC762E1D-F47E-FBCD-2A10-FE9853E42B01" referredColumn="1232A580-4F46-5A14-3BBF-9F748FE4FC5E"/>
</associations>
</Column>
<Column name="prop_street_num" id="56969DE0-C3F9-C2DA-2D91-AAB2492CD921">
<createdBy>prana</createdBy>
<createdTime>2023-05-03 03:25:34 UTC</createdTime>
<commentInRDBMS><![CDATA[street number of the property]]></commentInRDBMS>
<generatorID>83F3BC69-02D7-05C1-D032-744B78D9C2F9</generatorID>
<ownerDesignName>cui_orclemodel</ownerDesignName>
<useDomainConstraints>false</useDomainConstraints>
<use>1</use>
<logicalDatatype>LOGDT019</logicalDatatype>
<dataTypePrecision>5</dataTypePrecision>
<ownDataTypeParameters>,5,</ownDataTypeParameters>
<autoIncrementCycle>false</autoIncrementCycle>
</Column>
</columns>
<indexes itemClass="oracle.dbtools.crest.model.design.relational.Index">
<ind_PK_UK id="5BF5C216-F11F-9DA4-EC50-FBAFDF3CB296" name="PROPERTY_PK">
<createdBy>prana</createdBy>
<createdTime>2023-05-03 03:25:34 UTC</createdTime>
<generatorID>322F1590-A728-2256-F709-3641E15C3EEE</generatorID>
<ownerDesignName>cui_orclemodel</ownerDesignName>
<pk>true</pk>
<indexState>Primary Constraint</indexState>
<isSurrogateKey>false</isSurrogateKey>
<indexColumnUsage>
<colUsage columnID="0A7BAD0C-B41D-2C67-DB9B-C651B644FE0C"/>
</indexColumnUsage>
</ind_PK_UK>
<ind_PK_UK id="AB4F4FDC-2FD5-2332-0CC6-EBA85041E435" name="PROP_NUM_NK">
<createdBy>prana</createdBy>
<createdTime>2023-05-03 03:25:34 UTC</createdTime>
<generatorID>D6CA789A-894F-169C-70F1-E2722DF28F22</generatorID>
<ownerDesignName>cui_orclemodel</ownerDesignName>
<indexState>Unique Constraint</indexState>
<isSurrogateKey>false</isSurrogateKey>
<indexColumnUsage>
<colUsage columnID="56969DE0-C3F9-C2DA-2D91-AAB2492CD921"/>
<colUsage columnID="59295761-7BC6-83DC-4D0D-7CC9B9E89332"/>
<colUsage columnID="693FDB8D-BBC0-CE74-F6D1-5355B696713C"/>
</indexColumnUsage>
</ind_PK_UK>
<ind_PK_UK id="D03260E2-62A0-3BC5-C225-BBF4BC47F138" name="STREET_PROPERTY">
<createdBy>prana</createdBy>
<createdTime>2023-05-03 03:25:34 UTC</createdTime>
<generatorID>66452BE9-95BA-A117-A686-A818C40D9998</generatorID>
<ownerDesignName>cui_orclemodel</ownerDesignName>
<indexState>Foreign Key</indexState>
<isSurrogateKey>false</isSurrogateKey>
<indexColumnUsage>
<colUsage columnID="693FDB8D-BBC0-CE74-F6D1-5355B696713C"/>
<colUsage columnID="59295761-7BC6-83DC-4D0D-7CC9B9E89332"/>
</indexColumnUsage>
</ind_PK_UK>
</indexes>
</Table>
