<?xml version = '1.0' encoding = 'UTF-8'?>
<Table class="oracle.dbtools.crest.model.design.relational.Table" directorySegmentName="seg_0" id="26E0AF60-0C5A-77EB-48AA-6DCDD65D8141" name="AUTH_TRUCK">
<createdBy>prana</createdBy>
<createdTime>2023-05-03 03:25:34 UTC</createdTime>
<generatorID>831FCFE3-7890-4A25-0211-F3EB823A1D90</generatorID>
<ownerDesignName>cui_orclemodel</ownerDesignName>
<allowColumnReorder>false</allowColumnReorder>
<existDependencyGenerateInDDl>true</existDependencyGenerateInDDl>
<parsed>true</parsed>
<columns itemClass="oracle.dbtools.crest.model.design.relational.Column">
<Column name="approval" id="8E0C10B1-AE93-1EED-4F40-B36F23CC0C8B">
<createdBy>prana</createdBy>
<createdTime>2023-05-03 03:25:34 UTC</createdTime>
<commentInRDBMS><![CDATA[truck approval]]></commentInRDBMS>
<generatorID>9333DDFA-1897-382E-198E-EB0422F2E909</generatorID>
<ownerDesignName>cui_orclemodel</ownerDesignName>
<useDomainConstraints>false</useDomainConstraints>
<use>1</use>
<logicalDatatype>LOGDT024</logicalDatatype>
<dataTypeSize>1 CHAR</dataTypeSize>
<ownDataTypeParameters>1 CHAR,,</ownDataTypeParameters>
<autoIncrementCycle>false</autoIncrementCycle>
</Column>
<Column name="truck_vin" id="5317DEFB-112E-0794-EDA7-4A3FA63D8CCF">
<createdBy>prana</createdBy>
<createdTime>2023-05-03 03:25:34 UTC</createdTime>
<commentInRDBMS><![CDATA[truck vin]]></commentInRDBMS>
<generatorID>EAB75425-2640-87AB-8BBA-2B48CD68968C</generatorID>
<ownerDesignName>cui_orclemodel</ownerDesignName>
<useDomainConstraints>false</useDomainConstraints>
<use>1</use>
<logicalDatatype>LOGDT024</logicalDatatype>
<dataTypeSize>17 CHAR</dataTypeSize>
<ownDataTypeParameters>,,</ownDataTypeParameters>
<previousColumn>false</previousColumn>
<autoIncrementCycle>false</autoIncrementCycle>
<associations>
<colAssociation fkAssociation="96E7C512-064B-C6E5-2BA3-91E3D12ECD2B" referredColumn="B7570F5D-6EF1-6379-A84A-FA45C15B3389"/>
</associations>
</Column>
<Column name="driver_num" id="4FA6A056-4D7F-D905-810E-53C5319219CB">
<createdBy>prana</createdBy>
<createdTime>2023-05-03 03:25:34 UTC</createdTime>
<commentInRDBMS><![CDATA[driver number]]></commentInRDBMS>
<generatorID>E9909291-EB34-ACB5-7340-02985951889C</generatorID>
<ownerDesignName>cui_orclemodel</ownerDesignName>
<useDomainConstraints>false</useDomainConstraints>
<use>1</use>
<logicalDatatype>LOGDT019</logicalDatatype>
<dataTypePrecision>2</dataTypePrecision>
<ownDataTypeParameters>,,</ownDataTypeParameters>
<previousColumn>false</previousColumn>
<autoIncrementCycle>false</autoIncrementCycle>
<associations>
<colAssociation fkAssociation="5335C7FE-67DD-7A1A-5DC5-84F19E8B6E57" referredColumn="3275A704-C3C5-85C6-B7DB-F89331316C31"/>
</associations>
</Column>
</columns>
<indexes itemClass="oracle.dbtools.crest.model.design.relational.Index">
<ind_PK_UK id="6FBBF0A9-2E30-FDD6-B5DC-844A7023248E" name="AUTH_TRUCK_PK">
<createdBy>prana</createdBy>
<createdTime>2023-05-03 03:25:34 UTC</createdTime>
<generatorID>C1FA15F1-5A83-88A6-3E6C-C1AD5F631958</generatorID>
<ownerDesignName>cui_orclemodel</ownerDesignName>
<pk>true</pk>
<indexState>Primary Constraint</indexState>
<isSurrogateKey>false</isSurrogateKey>
<indexColumnUsage>
<colUsage columnID="5317DEFB-112E-0794-EDA7-4A3FA63D8CCF"/>
<colUsage columnID="4FA6A056-4D7F-D905-810E-53C5319219CB"/>
</indexColumnUsage>
</ind_PK_UK>
<ind_PK_UK id="A64D12E9-2ABF-192E-6A63-53A52EF56DC4" name="DRIVER_AUTH_TRUCK">
<createdBy>prana</createdBy>
<createdTime>2023-05-03 03:25:34 UTC</createdTime>
<generatorID>DC3D7F24-B554-DD82-CC30-47606D2E9418</generatorID>
<ownerDesignName>cui_orclemodel</ownerDesignName>
<indexState>Foreign Key</indexState>
<isSurrogateKey>false</isSurrogateKey>
<indexColumnUsage>
<colUsage columnID="4FA6A056-4D7F-D905-810E-53C5319219CB"/>
</indexColumnUsage>
</ind_PK_UK>
<ind_PK_UK id="23D50A83-98C1-B7DE-1C48-5A468382597F" name="TRUCK_AUTH_TRUCK">
<createdBy>prana</createdBy>
<createdTime>2023-05-03 03:25:34 UTC</createdTime>
<generatorID>652FC29E-DE45-30A1-5C9E-757CE3387BF2</generatorID>
<ownerDesignName>cui_orclemodel</ownerDesignName>
<indexState>Foreign Key</indexState>
<isSurrogateKey>false</isSurrogateKey>
<indexColumnUsage>
<colUsage columnID="5317DEFB-112E-0794-EDA7-4A3FA63D8CCF"/>
</indexColumnUsage>
</ind_PK_UK>
</indexes>
</Table>
