<?xml version = '1.0' encoding = 'UTF-8'?>
<Table class="oracle.dbtools.crest.model.design.relational.Table" directorySegmentName="seg_0" id="4208EF4B-5B4C-3D2E-17A9-C3FB32F6C3A3" name="CONTRACT_BIN_TYPE">
<createdBy>prana</createdBy>
<createdTime>2023-05-03 03:25:34 UTC</createdTime>
<generatorID>1A4EF6DC-107B-685E-93DC-A0037FAD0166</generatorID>
<ownerDesignName>cui_orclemodel</ownerDesignName>
<allowColumnReorder>false</allowColumnReorder>
<existDependencyGenerateInDDl>true</existDependencyGenerateInDDl>
<parsed>true</parsed>
<columns itemClass="oracle.dbtools.crest.model.design.relational.Column">
<Column name="contract_bin_supplycost" id="CD915DBC-08A7-BFAE-199F-443F6304F8C6">
<createdBy>prana</createdBy>
<createdTime>2023-05-03 03:25:34 UTC</createdTime>
<commentInRDBMS><![CDATA[supply cost of the bin type in the contract]]></commentInRDBMS>
<generatorID>E99E2BA1-BDD5-91A0-E736-EEEFE9A00D37</generatorID>
<ownerDesignName>cui_orclemodel</ownerDesignName>
<useDomainConstraints>false</useDomainConstraints>
<use>1</use>
<logicalDatatype>LOGDT019</logicalDatatype>
<dataTypePrecision>6</dataTypePrecision>
<dataTypeScale>2</dataTypeScale>
<ownDataTypeParameters>,6,2</ownDataTypeParameters>
<autoIncrementCycle>false</autoIncrementCycle>
</Column>
<Column name="waste_type_id" id="1D2CCB6B-16EA-150F-AFC9-8A8E5577CDEE">
<createdBy>prana</createdBy>
<createdTime>2023-05-03 03:25:34 UTC</createdTime>
<commentInRDBMS><![CDATA[Waste type ID]]></commentInRDBMS>
<generatorID>19759D9F-5037-E878-0A47-AB6A9E3E5688</generatorID>
<ownerDesignName>cui_orclemodel</ownerDesignName>
<useDomainConstraints>false</useDomainConstraints>
<use>1</use>
<logicalDatatype>LOGDT019</logicalDatatype>
<dataTypePrecision>1</dataTypePrecision>
<ownDataTypeParameters>,,</ownDataTypeParameters>
<previousColumn>false</previousColumn>
<autoIncrementCycle>false</autoIncrementCycle>
<associations>
<colAssociation fkAssociation="1081E5FC-4368-439A-DDDE-899CDAEADE3E" referredColumn="637F1B37-03DB-0871-ECC0-68CD9C913530"/>
</associations>
</Column>
<Column name="bin_size" id="715F3D15-25A9-FE95-790C-22B2DE90530C">
<createdBy>prana</createdBy>
<createdTime>2023-05-03 03:25:34 UTC</createdTime>
<commentInRDBMS><![CDATA[Bin size]]></commentInRDBMS>
<generatorID>C8F08B4A-5558-0604-466B-6D1E52C191CC</generatorID>
<ownerDesignName>cui_orclemodel</ownerDesignName>
<useDomainConstraints>false</useDomainConstraints>
<use>1</use>
<logicalDatatype>LOGDT019</logicalDatatype>
<dataTypePrecision>3</dataTypePrecision>
<ownDataTypeParameters>,,</ownDataTypeParameters>
<previousColumn>false</previousColumn>
<autoIncrementCycle>false</autoIncrementCycle>
<associations>
<colAssociation fkAssociation="1081E5FC-4368-439A-DDDE-899CDAEADE3E" referredColumn="71BECFC7-F46F-81EA-95DD-01522BD10BC0"/>
</associations>
</Column>
<Column name="con_num" id="C06CE2F5-31CF-9DD9-1ECC-0F3B525ECEFB">
<createdBy>prana</createdBy>
<createdTime>2023-05-03 03:25:34 UTC</createdTime>
<commentInRDBMS><![CDATA[Contract number.]]></commentInRDBMS>
<generatorID>65D84B16-601E-ADC1-8E6A-95FDFA4C4A4E</generatorID>
<ownerDesignName>cui_orclemodel</ownerDesignName>
<useDomainConstraints>false</useDomainConstraints>
<use>1</use>
<logicalDatatype>LOGDT019</logicalDatatype>
<dataTypePrecision>4</dataTypePrecision>
<ownDataTypeParameters>,,</ownDataTypeParameters>
<previousColumn>false</previousColumn>
<autoIncrementCycle>false</autoIncrementCycle>
<associations>
<colAssociation fkAssociation="61FB2DE6-9A5B-A610-D7F8-EFBBCA5FD5C4" referredColumn="6214C761-1AC7-2876-11F9-97B4278A1D63"/>
</associations>
</Column>
</columns>
<indexes itemClass="oracle.dbtools.crest.model.design.relational.Index">
<ind_PK_UK id="F9CEF42B-E172-9A27-E98E-CB6501C16933" name="CONBINTYPE_PK">
<createdBy>prana</createdBy>
<createdTime>2023-05-03 03:25:34 UTC</createdTime>
<generatorID>805981E3-19E7-D880-F4F1-2EFBB4F599FD</generatorID>
<ownerDesignName>cui_orclemodel</ownerDesignName>
<pk>true</pk>
<indexState>Primary Constraint</indexState>
<isSurrogateKey>false</isSurrogateKey>
<indexColumnUsage>
<colUsage columnID="1D2CCB6B-16EA-150F-AFC9-8A8E5577CDEE"/>
<colUsage columnID="715F3D15-25A9-FE95-790C-22B2DE90530C"/>
<colUsage columnID="C06CE2F5-31CF-9DD9-1ECC-0F3B525ECEFB"/>
</indexColumnUsage>
</ind_PK_UK>
<ind_PK_UK id="2A39F1AC-2FD5-50A8-E387-5D7C9F9929E9" name="BINTYPE_CONBINTYPE">
<createdBy>prana</createdBy>
<createdTime>2023-05-03 03:25:34 UTC</createdTime>
<generatorID>4C97C0EC-2337-AE59-4165-68DBDC42478A</generatorID>
<ownerDesignName>cui_orclemodel</ownerDesignName>
<indexState>Foreign Key</indexState>
<isSurrogateKey>false</isSurrogateKey>
<indexColumnUsage>
<colUsage columnID="1D2CCB6B-16EA-150F-AFC9-8A8E5577CDEE"/>
<colUsage columnID="715F3D15-25A9-FE95-790C-22B2DE90530C"/>
</indexColumnUsage>
</ind_PK_UK>
<ind_PK_UK id="C9489B06-4894-4F7B-7331-43A46149A751" name="CONTRACT_BIN_TYPE">
<createdBy>prana</createdBy>
<createdTime>2023-05-03 03:25:34 UTC</createdTime>
<generatorID>2384A2B5-DB14-70BE-37AC-92B967899E1B</generatorID>
<ownerDesignName>cui_orclemodel</ownerDesignName>
<indexState>Foreign Key</indexState>
<isSurrogateKey>false</isSurrogateKey>
<indexColumnUsage>
<colUsage columnID="C06CE2F5-31CF-9DD9-1ECC-0F3B525ECEFB"/>
</indexColumnUsage>
</ind_PK_UK>
</indexes>
</Table>
