<?xml version = '1.0' encoding = 'UTF-8'?>
<Table class="oracle.dbtools.crest.model.design.relational.Table" directorySegmentName="seg_0" id="62633C0E-A112-4BA2-84F8-66E8714B7454" name="WASTETYPE">
<createdBy>prana</createdBy>
<createdTime>2023-05-03 03:25:34 UTC</createdTime>
<generatorID>A3902C44-2F25-410C-A2B7-059CC3ADDBBE</generatorID>
<ownerDesignName>cui_orclemodel</ownerDesignName>
<allowColumnReorder>false</allowColumnReorder>
<existDependencyGenerateInDDl>true</existDependencyGenerateInDDl>
<parsed>true</parsed>
<columns itemClass="oracle.dbtools.crest.model.design.relational.Column">
<Column name="waste_type_id" id="14295A7E-1F29-8D39-A25E-62F897B98816">
<createdBy>prana</createdBy>
<createdTime>2023-05-03 03:25:34 UTC</createdTime>
<commentInRDBMS><![CDATA[Waste type ID]]></commentInRDBMS>
<generatorID>61D80C43-6DC7-5563-CB3D-3D545B781F6F</generatorID>
<ownerDesignName>cui_orclemodel</ownerDesignName>
<useDomainConstraints>false</useDomainConstraints>
<use>1</use>
<logicalDatatype>LOGDT019</logicalDatatype>
<dataTypePrecision>1</dataTypePrecision>
<listOfValues>
<valueDef value="1" description="GW"/>
<valueDef value="2" description="L"/>
<valueDef value="3" description="SR"/>
<valueDef value="4" description="G"/>
</listOfValues>
<ownDataTypeParameters>,1,</ownDataTypeParameters>
<autoIncrementCycle>false</autoIncrementCycle>
</Column>
<Column name="waste_type_desc" id="E022829F-E9A9-9105-F9D4-EB6F4262C3B9">
<createdBy>prana</createdBy>
<createdTime>2023-05-03 03:25:34 UTC</createdTime>
<commentInRDBMS><![CDATA[Waste type description]]></commentInRDBMS>
<generatorID>F3059DF8-CACD-54A1-0FA5-280B74316CA0</generatorID>
<ownerDesignName>cui_orclemodel</ownerDesignName>
<useDomainConstraints>false</useDomainConstraints>
<use>1</use>
<logicalDatatype>LOGDT019</logicalDatatype>
<dataTypePrecision>1</dataTypePrecision>
<listOfValues>
<valueDef value="1" description="Green Waste"/>
<valueDef value="2" description="Landfill"/>
<valueDef value="3" description="Standard Recycle"/>
<valueDef value="4" description="Glass"/>
</listOfValues>
<ownDataTypeParameters>,1,</ownDataTypeParameters>
<autoIncrementCycle>false</autoIncrementCycle>
</Column>
</columns>
<indexes itemClass="oracle.dbtools.crest.model.design.relational.Index">
<ind_PK_UK id="9F28F1C2-2EBF-9BEC-4ECF-EE4B66433C4E" name="WASTETYPE_PK">
<createdBy>prana</createdBy>
<createdTime>2023-05-03 03:25:34 UTC</createdTime>
<generatorID>3F1FB24A-322D-766F-45B5-4B06A40A7E85</generatorID>
<ownerDesignName>cui_orclemodel</ownerDesignName>
<pk>true</pk>
<indexState>Primary Constraint</indexState>
<isSurrogateKey>false</isSurrogateKey>
<indexColumnUsage>
<colUsage columnID="14295A7E-1F29-8D39-A25E-62F897B98816"/>
</indexColumnUsage>
</ind_PK_UK>
</indexes>
</Table>
