<?xml version = '1.0' encoding = 'UTF-8'?>
<Table class="oracle.dbtools.crest.model.design.relational.Table" directorySegmentName="seg_0" id="75C9683A-392F-DDD8-0C2E-9FCD20897CE1" name="TRUCK">
<createdBy>prana</createdBy>
<createdTime>2023-05-03 03:25:34 UTC</createdTime>
<generatorID>786478CA-5A3C-809B-F2EC-712F829BFE74</generatorID>
<ownerDesignName>cui_orclemodel</ownerDesignName>
<allowColumnReorder>false</allowColumnReorder>
<existDependencyGenerateInDDl>true</existDependencyGenerateInDDl>
<parsed>true</parsed>
<columns itemClass="oracle.dbtools.crest.model.design.relational.Column">
<Column name="truck_vin" id="B7570F5D-6EF1-6379-A84A-FA45C15B3389">
<createdBy>prana</createdBy>
<createdTime>2023-05-03 03:25:34 UTC</createdTime>
<commentInRDBMS><![CDATA[truck vin]]></commentInRDBMS>
<generatorID>28A60AC4-0D96-C4B0-5B94-D3E33E8873E2</generatorID>
<ownerDesignName>cui_orclemodel</ownerDesignName>
<useDomainConstraints>false</useDomainConstraints>
<use>1</use>
<logicalDatatype>LOGDT024</logicalDatatype>
<dataTypeSize>17 CHAR</dataTypeSize>
<ownDataTypeParameters>17 CHAR,,</ownDataTypeParameters>
<autoIncrementCycle>false</autoIncrementCycle>
</Column>
<Column name="truck_rego" id="659A8E47-68E2-618F-8203-3A8EE71E0BBA">
<createdBy>prana</createdBy>
<createdTime>2023-05-03 03:25:34 UTC</createdTime>
<commentInRDBMS><![CDATA[truck registration number]]></commentInRDBMS>
<generatorID>74941D0C-85AF-3429-C73E-72B7A4E05C52</generatorID>
<ownerDesignName>cui_orclemodel</ownerDesignName>
<useDomainConstraints>false</useDomainConstraints>
<use>1</use>
<logicalDatatype>LOGDT024</logicalDatatype>
<dataTypeSize>10 CHAR</dataTypeSize>
<ownDataTypeParameters>10 CHAR,,</ownDataTypeParameters>
<autoIncrementCycle>false</autoIncrementCycle>
</Column>
<Column name="truck_make" id="0C210166-40E6-0FCF-F5D5-4505177A7B0F">
<createdBy>prana</createdBy>
<createdTime>2023-05-03 03:25:34 UTC</createdTime>
<commentInRDBMS><![CDATA[truck make]]></commentInRDBMS>
<generatorID>D6DA8198-D5E6-20C3-B0B0-2FE098C0CAB3</generatorID>
<ownerDesignName>cui_orclemodel</ownerDesignName>
<useDomainConstraints>false</useDomainConstraints>
<use>1</use>
<logicalDatatype>LOGDT024</logicalDatatype>
<dataTypeSize>10 CHAR</dataTypeSize>
<ownDataTypeParameters>10 CHAR,,</ownDataTypeParameters>
<autoIncrementCycle>false</autoIncrementCycle>
</Column>
<Column name="truck_model" id="4295512E-9A86-A5CB-8A07-F0162B766D7A">
<createdBy>prana</createdBy>
<createdTime>2023-05-03 03:25:34 UTC</createdTime>
<commentInRDBMS><![CDATA[truck model]]></commentInRDBMS>
<generatorID>4714AC32-DFD3-07E2-2A77-5EE77557B10A</generatorID>
<ownerDesignName>cui_orclemodel</ownerDesignName>
<useDomainConstraints>false</useDomainConstraints>
<use>1</use>
<logicalDatatype>LOGDT024</logicalDatatype>
<dataTypeSize>10 CHAR</dataTypeSize>
<ownDataTypeParameters>10 CHAR,,</ownDataTypeParameters>
<autoIncrementCycle>false</autoIncrementCycle>
</Column>
<Column name="truck_year" id="763CB3CA-C12E-EE21-E1C5-8EC33BB68D74">
<createdBy>prana</createdBy>
<createdTime>2023-05-03 03:25:34 UTC</createdTime>
<commentInRDBMS><![CDATA[year the truck was manufactured]]></commentInRDBMS>
<generatorID>C03259F2-41AB-009C-2868-8D83B652EB4A</generatorID>
<ownerDesignName>cui_orclemodel</ownerDesignName>
<useDomainConstraints>false</useDomainConstraints>
<use>1</use>
<logicalDatatype>LOGDT019</logicalDatatype>
<dataTypePrecision>4</dataTypePrecision>
<ownDataTypeParameters>,4,</ownDataTypeParameters>
<autoIncrementCycle>false</autoIncrementCycle>
</Column>
</columns>
<indexes itemClass="oracle.dbtools.crest.model.design.relational.Index">
<ind_PK_UK id="13D019D2-8CF1-6B71-9A4F-4051F0FA30D8" name="TRUCK_PK">
<createdBy>prana</createdBy>
<createdTime>2023-05-03 03:25:34 UTC</createdTime>
<generatorID>9A3AC023-A89D-4826-9A07-DF4B4BEBF63F</generatorID>
<ownerDesignName>cui_orclemodel</ownerDesignName>
<pk>true</pk>
<indexState>Primary Constraint</indexState>
<isSurrogateKey>false</isSurrogateKey>
<indexColumnUsage>
<colUsage columnID="B7570F5D-6EF1-6379-A84A-FA45C15B3389"/>
</indexColumnUsage>
</ind_PK_UK>
</indexes>
</Table>
