<?xml version = '1.0' encoding = 'UTF-8'?>
<Table class="oracle.dbtools.crest.model.design.relational.Table" directorySegmentName="seg_0" id="8FBF6AA9-4D66-853A-9A35-FE003B30813D" name="CONTRACT">
<createdBy>prana</createdBy>
<createdTime>2023-05-03 03:25:34 UTC</createdTime>
<generatorID>4A478C7A-C3A0-EDCF-D5D6-62D5E3C88E07</generatorID>
<ownerDesignName>cui_orclemodel</ownerDesignName>
<allowColumnReorder>false</allowColumnReorder>
<existDependencyGenerateInDDl>true</existDependencyGenerateInDDl>
<parsed>true</parsed>
<columns itemClass="oracle.dbtools.crest.model.design.relational.Column">
<Column name="con_num" id="6214C761-1AC7-2876-11F9-97B4278A1D63">
<createdBy>prana</createdBy>
<createdTime>2023-05-03 03:25:34 UTC</createdTime>
<commentInRDBMS><![CDATA[Contract number.]]></commentInRDBMS>
<generatorID>6DEAF9A7-F1D6-30B5-0061-606744847B98</generatorID>
<ownerDesignName>cui_orclemodel</ownerDesignName>
<useDomainConstraints>false</useDomainConstraints>
<use>1</use>
<logicalDatatype>LOGDT019</logicalDatatype>
<dataTypePrecision>4</dataTypePrecision>
<ownDataTypeParameters>,4,</ownDataTypeParameters>
<autoIncrementCycle>false</autoIncrementCycle>
</Column>
<Column name="con_start_date" id="40283006-05B5-EAD6-7DC6-A9A24BAB61B2">
<createdBy>prana</createdBy>
<createdTime>2023-05-03 03:25:34 UTC</createdTime>
<commentInRDBMS><![CDATA[contract start date]]></commentInRDBMS>
<generatorID>DD6E1E10-175E-603F-98C1-4AA14FB78A5C</generatorID>
<ownerDesignName>cui_orclemodel</ownerDesignName>
<useDomainConstraints>false</useDomainConstraints>
<use>1</use>
<logicalDatatype>LOGDT007</logicalDatatype>
<ownDataTypeParameters>,,</ownDataTypeParameters>
<autoIncrementCycle>false</autoIncrementCycle>
</Column>
<Column name="con_end_date" id="F36A17C0-22CD-1763-64B9-3D5BD85CFF23">
<createdBy>prana</createdBy>
<createdTime>2023-05-03 03:25:34 UTC</createdTime>
<commentInRDBMS><![CDATA[contract end date]]></commentInRDBMS>
<generatorID>CCB9D2B3-E467-6BC1-DA35-FCCBC47C8A0E</generatorID>
<ownerDesignName>cui_orclemodel</ownerDesignName>
<useDomainConstraints>false</useDomainConstraints>
<use>1</use>
<logicalDatatype>LOGDT007</logicalDatatype>
<ownDataTypeParameters>,,</ownDataTypeParameters>
<autoIncrementCycle>false</autoIncrementCycle>
</Column>
<Column name="auth_name" id="C0CEA3E5-1A91-634E-3A72-54EDE1F82E29">
<createdBy>prana</createdBy>
<createdTime>2023-05-03 03:25:34 UTC</createdTime>
<commentInRDBMS><![CDATA[authority name
]]></commentInRDBMS>
<generatorID>C63B120E-16E9-4241-3848-3041D6DA8E4F</generatorID>
<ownerDesignName>cui_orclemodel</ownerDesignName>
<useDomainConstraints>false</useDomainConstraints>
<use>1</use>
<logicalDatatype>LOGDT024</logicalDatatype>
<dataTypeSize>20</dataTypeSize>
<ownDataTypeParameters>,,</ownDataTypeParameters>
<previousColumn>false</previousColumn>
<autoIncrementCycle>false</autoIncrementCycle>
<associations>
<colAssociation fkAssociation="7B6D3008-B119-1EEE-098A-E6B186DB8FF6" referredColumn="7F14FDC1-100B-3081-4CDE-832D6FC1B045"/>
</associations>
</Column>
</columns>
<indexes itemClass="oracle.dbtools.crest.model.design.relational.Index">
<ind_PK_UK id="1FE256DD-52B3-F41A-B94E-95EC7C0B06B3" name="CONTRACT_PK">
<createdBy>prana</createdBy>
<createdTime>2023-05-03 03:25:34 UTC</createdTime>
<generatorID>F925102F-1F06-0204-189A-8CE105C1BE79</generatorID>
<ownerDesignName>cui_orclemodel</ownerDesignName>
<pk>true</pk>
<indexState>Primary Constraint</indexState>
<isSurrogateKey>false</isSurrogateKey>
<indexColumnUsage>
<colUsage columnID="6214C761-1AC7-2876-11F9-97B4278A1D63"/>
</indexColumnUsage>
</ind_PK_UK>
<ind_PK_UK id="0D483F4C-C4B6-4615-EE20-6928A6CEFBD0" name="AUTHORITY_CONTRACT">
<createdBy>prana</createdBy>
<createdTime>2023-05-03 03:25:34 UTC</createdTime>
<generatorID>1B069402-0920-59AF-6AC8-ACCD00A5E2BC</generatorID>
<ownerDesignName>cui_orclemodel</ownerDesignName>
<indexState>Foreign Key</indexState>
<isSurrogateKey>false</isSurrogateKey>
<indexColumnUsage>
<colUsage columnID="C0CEA3E5-1A91-634E-3A72-54EDE1F82E29"/>
</indexColumnUsage>
</ind_PK_UK>
</indexes>
</Table>
