<?xml version = '1.0' encoding = 'UTF-8'?>
<Table class="oracle.dbtools.crest.model.design.relational.Table" directorySegmentName="seg_0" id="A04F0BCF-A4FF-C591-C7FD-D3A82FB8ACFE" name="STREET">
<createdBy>prana</createdBy>
<createdTime>2023-05-03 03:25:34 UTC</createdTime>
<generatorID>5D66743D-79D0-6593-FB79-33E6060E841F</generatorID>
<ownerDesignName>cui_orclemodel</ownerDesignName>
<allowColumnReorder>false</allowColumnReorder>
<existDependencyGenerateInDDl>true</existDependencyGenerateInDDl>
<parsed>true</parsed>
<columns itemClass="oracle.dbtools.crest.model.design.relational.Column">
<Column name="street_id" id="1232A580-4F46-5A14-3BBF-9F748FE4FC5E">
<createdBy>prana</createdBy>
<createdTime>2023-05-03 03:25:34 UTC</createdTime>
<commentInRDBMS><![CDATA[street id]]></commentInRDBMS>
<generatorID>87844064-BE87-FEF0-4E4E-BBEB512D05D7</generatorID>
<ownerDesignName>cui_orclemodel</ownerDesignName>
<useDomainConstraints>false</useDomainConstraints>
<use>1</use>
<logicalDatatype>LOGDT025</logicalDatatype>
<dataTypeSize>7</dataTypeSize>
<ownDataTypeParameters>7,,</ownDataTypeParameters>
<autoIncrementCycle>false</autoIncrementCycle>
</Column>
<Column name="street_name" id="3D180470-A801-65F3-C321-47DC466157FB">
<createdBy>prana</createdBy>
<createdTime>2023-05-03 03:25:34 UTC</createdTime>
<commentInRDBMS><![CDATA[name of the street]]></commentInRDBMS>
<generatorID>2C3E5AE6-C54C-144D-53E2-F81FADE76602</generatorID>
<ownerDesignName>cui_orclemodel</ownerDesignName>
<useDomainConstraints>false</useDomainConstraints>
<use>1</use>
<logicalDatatype>LOGDT024</logicalDatatype>
<dataTypeSize>20</dataTypeSize>
<ownDataTypeParameters>20,,</ownDataTypeParameters>
<autoIncrementCycle>false</autoIncrementCycle>
</Column>
<Column name="street_length" id="943000C8-47EB-21EB-40E2-E12A29B1BC69">
<createdBy>prana</createdBy>
<createdTime>2023-05-03 03:25:34 UTC</createdTime>
<commentInRDBMS><![CDATA[the length of the street]]></commentInRDBMS>
<generatorID>6A106E1B-6884-6AA6-9006-63C43AA8F87F</generatorID>
<ownerDesignName>cui_orclemodel</ownerDesignName>
<useDomainConstraints>false</useDomainConstraints>
<use>1</use>
<logicalDatatype>LOGDT019</logicalDatatype>
<dataTypePrecision>9</dataTypePrecision>
<dataTypeScale>2</dataTypeScale>
<ownDataTypeParameters>,9,2</ownDataTypeParameters>
<autoIncrementCycle>false</autoIncrementCycle>
</Column>
<Column name="street_surface_type" id="F774B40C-67BD-8220-348E-23C6CCCA8A9C">
<createdBy>prana</createdBy>
<createdTime>2023-05-03 03:25:34 UTC</createdTime>
<commentInRDBMS><![CDATA[surface type of the street]]></commentInRDBMS>
<generatorID>1985C7F9-495A-6491-DE45-C4C5DEADF332</generatorID>
<ownerDesignName>cui_orclemodel</ownerDesignName>
<constraintName>road_surface_type</constraintName>
<useDomainConstraints>false</useDomainConstraints>
<use>1</use>
<logicalDatatype>LOGDT019</logicalDatatype>
<dataTypePrecision>1</dataTypePrecision>
<listOfValues>
<valueDef value="1" description="Asphalt"/>
<valueDef value="2" description="Concrete"/>
<valueDef value="3" description="Unsealed"/>
</listOfValues>
<ownDataTypeParameters>,1,</ownDataTypeParameters>
<autoIncrementCycle>false</autoIncrementCycle>
</Column>
<Column name="street_lane_num" id="925A7F9D-EC0F-03C4-CA73-2EC54EACCFFC">
<createdBy>prana</createdBy>
<createdTime>2023-05-03 03:25:34 UTC</createdTime>
<commentInRDBMS><![CDATA[number of lanes in the street.]]></commentInRDBMS>
<generatorID>13118FA7-F03C-E0D0-847C-D0E02761456C</generatorID>
<ownerDesignName>cui_orclemodel</ownerDesignName>
<useDomainConstraints>false</useDomainConstraints>
<use>1</use>
<logicalDatatype>LOGDT019</logicalDatatype>
<dataTypePrecision>2</dataTypePrecision>
<ownDataTypeParameters>,2,</ownDataTypeParameters>
<autoIncrementCycle>false</autoIncrementCycle>
</Column>
<Column name="auth_name" id="C8F71DA9-C207-F42C-B121-F2F1ED37B43D">
<createdBy>prana</createdBy>
<createdTime>2023-05-03 03:25:34 UTC</createdTime>
<commentInRDBMS><![CDATA[authority name
]]></commentInRDBMS>
<generatorID>115414B9-F106-467B-E085-599A059C1A79</generatorID>
<ownerDesignName>cui_orclemodel</ownerDesignName>
<useDomainConstraints>false</useDomainConstraints>
<use>1</use>
<logicalDatatype>LOGDT024</logicalDatatype>
<dataTypeSize>20</dataTypeSize>
<ownDataTypeParameters>,,</ownDataTypeParameters>
<previousColumn>false</previousColumn>
<autoIncrementCycle>false</autoIncrementCycle>
<associations>
<colAssociation fkAssociation="D599748F-6436-64EE-4DA3-1DF9A12003D7" referredColumn="7F14FDC1-100B-3081-4CDE-832D6FC1B045"/>
</associations>
</Column>
</columns>
<indexes itemClass="oracle.dbtools.crest.model.design.relational.Index">
<ind_PK_UK id="732F21A9-2FAD-1E5B-FDB4-DF937AD2C87C" name="Street_PK">
<createdBy>prana</createdBy>
<createdTime>2023-05-03 03:25:34 UTC</createdTime>
<generatorID>5A6E5BDB-9689-3661-56CC-09967BFDA11D</generatorID>
<ownerDesignName>cui_orclemodel</ownerDesignName>
<pk>true</pk>
<indexState>Primary Constraint</indexState>
<isSurrogateKey>false</isSurrogateKey>
<indexColumnUsage>
<colUsage columnID="1232A580-4F46-5A14-3BBF-9F748FE4FC5E"/>
<colUsage columnID="C8F71DA9-C207-F42C-B121-F2F1ED37B43D"/>
</indexColumnUsage>
</ind_PK_UK>
<ind_PK_UK id="EBDD55CB-88FD-8D4B-A4C4-94A859270F84" name="AUTHORITY_STREET">
<createdBy>prana</createdBy>
<createdTime>2023-05-03 03:25:34 UTC</createdTime>
<generatorID>40CBBC9B-B803-F28D-7E8B-E225EA2D20C2</generatorID>
<ownerDesignName>cui_orclemodel</ownerDesignName>
<indexState>Foreign Key</indexState>
<isSurrogateKey>false</isSurrogateKey>
<indexColumnUsage>
<colUsage columnID="C8F71DA9-C207-F42C-B121-F2F1ED37B43D"/>
</indexColumnUsage>
</ind_PK_UK>
</indexes>
</Table>
