<?xml version = '1.0' encoding = 'UTF-8'?>
<Table class="oracle.dbtools.crest.model.design.relational.Table" directorySegmentName="seg_0" id="ACF0FDA9-C786-8A91-E91D-2E67E8CC4508" name="BIN">
<createdBy>prana</createdBy>
<createdTime>2023-05-03 03:25:34 UTC</createdTime>
<generatorID>B4E70E92-6064-35D5-85CD-258C288BF90C</generatorID>
<ownerDesignName>cui_orclemodel</ownerDesignName>
<allowColumnReorder>false</allowColumnReorder>
<existDependencyGenerateInDDl>true</existDependencyGenerateInDDl>
<parsed>true</parsed>
<columns itemClass="oracle.dbtools.crest.model.design.relational.Column">
<Column name="bin_rfid" id="9701043B-6002-AD7D-B5F9-433B766E2F93">
<createdBy>prana</createdBy>
<createdTime>2023-05-03 03:25:34 UTC</createdTime>
<commentInRDBMS><![CDATA[bin rfid]]></commentInRDBMS>
<generatorID>2D44D777-37A1-78DB-2146-F1C760F695D9</generatorID>
<ownerDesignName>cui_orclemodel</ownerDesignName>
<useDomainConstraints>false</useDomainConstraints>
<use>1</use>
<logicalDatatype>LOGDT024</logicalDatatype>
<dataTypeSize>16 CHAR</dataTypeSize>
<ownDataTypeParameters>16 CHAR,,</ownDataTypeParameters>
<autoIncrementCycle>false</autoIncrementCycle>
</Column>
<Column name="bin_supply_date" id="C6A721A8-99C8-3161-6278-6B3A7304F18B">
<createdBy>prana</createdBy>
<createdTime>2023-05-03 03:25:34 UTC</createdTime>
<commentInRDBMS><![CDATA[bin supply date]]></commentInRDBMS>
<generatorID>2BBA4A1B-B90D-C39E-C428-14E066772E85</generatorID>
<ownerDesignName>cui_orclemodel</ownerDesignName>
<useDomainConstraints>false</useDomainConstraints>
<use>1</use>
<logicalDatatype>LOGDT007</logicalDatatype>
<ownDataTypeParameters>,,</ownDataTypeParameters>
<autoIncrementCycle>false</autoIncrementCycle>
</Column>
<Column name="bin_replace_reason" id="8DB249D3-1FC3-74E9-E33E-B8BBB0186CB4">
<createdBy>prana</createdBy>
<createdTime>2023-05-03 03:25:34 UTC</createdTime>
<commentInRDBMS><![CDATA[replacement reson of the bin]]></commentInRDBMS>
<generatorID>E8D4643C-C7C9-4AA1-519E-8294C5924E57</generatorID>
<ownerDesignName>cui_orclemodel</ownerDesignName>
<constraintName>bin_replacement_reason</constraintName>
<nullsAllowed>true</nullsAllowed>
<useDomainConstraints>false</useDomainConstraints>
<use>1</use>
<logicalDatatype>LOGDT019</logicalDatatype>
<dataTypePrecision>1</dataTypePrecision>
<listOfValues>
<valueDef value="1" description="Damaged by owner"/>
<valueDef value="2" description="Bin Failure"/>
<valueDef value="3" description="Damaged during pick up of waste"/>
<valueDef value="4" description="Stolen"/>
</listOfValues>
<ownDataTypeParameters>,1,</ownDataTypeParameters>
<autoIncrementCycle>false</autoIncrementCycle>
</Column>
<Column name="bin_actual_supplycost" id="192E0191-E14F-C9AA-90D1-547B312D3E35">
<createdBy>prana</createdBy>
<createdTime>2023-05-03 03:25:34 UTC</createdTime>
<commentInRDBMS><![CDATA[add actual supplyest]]></commentInRDBMS>
<generatorID>AD318E31-CE12-151F-02A2-A7CC3ABAD50F</generatorID>
<ownerDesignName>cui_orclemodel</ownerDesignName>
<useDomainConstraints>false</useDomainConstraints>
<use>1</use>
<logicalDatatype>LOGDT019</logicalDatatype>
<dataTypePrecision>5</dataTypePrecision>
<dataTypeScale>2</dataTypeScale>
<ownDataTypeParameters>,5,2</ownDataTypeParameters>
<autoIncrementCycle>false</autoIncrementCycle>
</Column>
<Column name="prop_num" id="45F13648-4EF7-F480-97CD-C22F6E584178">
<createdBy>prana</createdBy>
<createdTime>2023-05-03 03:25:34 UTC</createdTime>
<commentInRDBMS><![CDATA[property number]]></commentInRDBMS>
<generatorID>AF657D1A-4991-75B0-D1DD-561D92DCA2B1</generatorID>
<ownerDesignName>cui_orclemodel</ownerDesignName>
<useDomainConstraints>false</useDomainConstraints>
<use>1</use>
<logicalDatatype>LOGDT019</logicalDatatype>
<dataTypePrecision>5</dataTypePrecision>
<ownDataTypeParameters>,,</ownDataTypeParameters>
<previousColumn>false</previousColumn>
<autoIncrementCycle>false</autoIncrementCycle>
<associations>
<colAssociation fkAssociation="F4A7CA0C-F8DD-4DD9-9834-7C5DF17E7ECB" referredColumn="0A7BAD0C-B41D-2C67-DB9B-C651B644FE0C"/>
</associations>
</Column>
<Column name="waste_type_id" id="1ED06525-C370-3DFB-E447-C7188931C672">
<createdBy>prana</createdBy>
<createdTime>2023-05-03 03:25:34 UTC</createdTime>
<commentInRDBMS><![CDATA[Waste type ID]]></commentInRDBMS>
<generatorID>EC734CA0-CC17-F7E4-3938-20F6FDE1F647</generatorID>
<ownerDesignName>cui_orclemodel</ownerDesignName>
<useDomainConstraints>false</useDomainConstraints>
<use>1</use>
<logicalDatatype>LOGDT019</logicalDatatype>
<dataTypePrecision>1</dataTypePrecision>
<ownDataTypeParameters>,,</ownDataTypeParameters>
<previousColumn>false</previousColumn>
<autoIncrementCycle>false</autoIncrementCycle>
<associations>
<colAssociation fkAssociation="26499EC2-062D-8CEF-9FD9-B5715F73EC6D" referredColumn="637F1B37-03DB-0871-ECC0-68CD9C913530"/>
</associations>
</Column>
<Column name="bin_size" id="6F10BC5D-DCD7-B78C-801D-7566076318B7">
<createdBy>prana</createdBy>
<createdTime>2023-05-03 03:25:34 UTC</createdTime>
<commentInRDBMS><![CDATA[Bin size]]></commentInRDBMS>
<generatorID>FD75D57E-25BB-BD9A-F1C0-87EA8EAA3AE7</generatorID>
<ownerDesignName>cui_orclemodel</ownerDesignName>
<useDomainConstraints>false</useDomainConstraints>
<use>1</use>
<logicalDatatype>LOGDT019</logicalDatatype>
<dataTypePrecision>3</dataTypePrecision>
<ownDataTypeParameters>,,</ownDataTypeParameters>
<previousColumn>false</previousColumn>
<autoIncrementCycle>false</autoIncrementCycle>
<associations>
<colAssociation fkAssociation="26499EC2-062D-8CEF-9FD9-B5715F73EC6D" referredColumn="71BECFC7-F46F-81EA-95DD-01522BD10BC0"/>
</associations>
</Column>
<Column name="con_num" id="F68885B4-F4ED-40AD-FDE3-6263C1DA204D">
<createdBy>prana</createdBy>
<createdTime>2023-05-03 03:25:34 UTC</createdTime>
<commentInRDBMS><![CDATA[Contract number.]]></commentInRDBMS>
<generatorID>36C57EC6-C313-EB2B-0DF3-AC3FDF5AB9A1</generatorID>
<ownerDesignName>cui_orclemodel</ownerDesignName>
<useDomainConstraints>false</useDomainConstraints>
<use>1</use>
<logicalDatatype>LOGDT019</logicalDatatype>
<dataTypePrecision>4</dataTypePrecision>
<ownDataTypeParameters>,,</ownDataTypeParameters>
<previousColumn>false</previousColumn>
<autoIncrementCycle>false</autoIncrementCycle>
<associations>
<colAssociation fkAssociation="708115CD-97CE-4D3B-DE9D-3DFE812A5C19" referredColumn="6214C761-1AC7-2876-11F9-97B4278A1D63"/>
</associations>
</Column>
</columns>
<indexes itemClass="oracle.dbtools.crest.model.design.relational.Index">
<ind_PK_UK id="A1291ECF-3745-D9F3-B5D1-DF16C03C9B8B" name="Entity_18_PK">
<createdBy>prana</createdBy>
<createdTime>2023-05-03 03:25:34 UTC</createdTime>
<generatorID>6803C635-9B8C-5944-F597-DDC9E91E3D34</generatorID>
<ownerDesignName>cui_orclemodel</ownerDesignName>
<pk>true</pk>
<indexState>Primary Constraint</indexState>
<isSurrogateKey>false</isSurrogateKey>
<indexColumnUsage>
<colUsage columnID="9701043B-6002-AD7D-B5F9-433B766E2F93"/>
</indexColumnUsage>
</ind_PK_UK>
<ind_PK_UK id="2234365A-0D65-0080-AFAA-BCF93EEA7902" name="BINTYPE_BIN">
<createdBy>prana</createdBy>
<createdTime>2023-05-03 03:25:34 UTC</createdTime>
<generatorID>8A309DD7-D36E-0D9B-BE5E-0F9EC1B446CE</generatorID>
<ownerDesignName>cui_orclemodel</ownerDesignName>
<indexState>Foreign Key</indexState>
<isSurrogateKey>false</isSurrogateKey>
<indexColumnUsage>
<colUsage columnID="1ED06525-C370-3DFB-E447-C7188931C672"/>
<colUsage columnID="6F10BC5D-DCD7-B78C-801D-7566076318B7"/>
</indexColumnUsage>
</ind_PK_UK>
<ind_PK_UK id="58B8F99D-1481-63F8-A798-DE02414FC09B" name="CONTRACT_BIN">
<createdBy>prana</createdBy>
<createdTime>2023-05-03 03:25:34 UTC</createdTime>
<generatorID>C440AF7A-5CED-0151-F9B9-E915DB71FC46</generatorID>
<ownerDesignName>cui_orclemodel</ownerDesignName>
<indexState>Foreign Key</indexState>
<isSurrogateKey>false</isSurrogateKey>
<indexColumnUsage>
<colUsage columnID="F68885B4-F4ED-40AD-FDE3-6263C1DA204D"/>
</indexColumnUsage>
</ind_PK_UK>
<ind_PK_UK id="ACD7B055-CC73-590B-58CB-DDAB8EF015D1" name="Relation_18">
<createdBy>prana</createdBy>
<createdTime>2023-05-03 03:25:34 UTC</createdTime>
<generatorID>417B0C70-5622-DB54-A698-E7E6A42FA3C1</generatorID>
<ownerDesignName>cui_orclemodel</ownerDesignName>
<indexState>Foreign Key</indexState>
<isSurrogateKey>false</isSurrogateKey>
<indexColumnUsage>
<colUsage columnID="45F13648-4EF7-F480-97CD-C22F6E584178"/>
</indexColumnUsage>
</ind_PK_UK>
</indexes>
</Table>
