<?xml version = '1.0' encoding = 'UTF-8'?>
<Table class="oracle.dbtools.crest.model.design.relational.Table" directorySegmentName="seg_0" id="B5F8324A-3B7D-04DD-4DCE-91344FCA8728" name="OWNER">
<createdBy>prana</createdBy>
<createdTime>2023-05-03 03:25:34 UTC</createdTime>
<generatorID>40A18A28-6B2D-48C0-BB21-14E25C1827DF</generatorID>
<ownerDesignName>cui_orclemodel</ownerDesignName>
<allowColumnReorder>false</allowColumnReorder>
<existDependencyGenerateInDDl>true</existDependencyGenerateInDDl>
<parsed>true</parsed>
<columns itemClass="oracle.dbtools.crest.model.design.relational.Column">
<Column name="owner_id" id="EE3348D4-20C4-0EFC-823B-7F0C80E8AB64">
<createdBy>prana</createdBy>
<createdTime>2023-05-03 03:25:34 UTC</createdTime>
<commentInRDBMS><![CDATA[owner id]]></commentInRDBMS>
<generatorID>16CA6BF4-753F-1F18-7991-E3A11EB837EA</generatorID>
<ownerDesignName>cui_orclemodel</ownerDesignName>
<useDomainConstraints>false</useDomainConstraints>
<use>1</use>
<logicalDatatype>LOGDT025</logicalDatatype>
<dataTypeSize>5</dataTypeSize>
<ownDataTypeParameters>5,,</ownDataTypeParameters>
<autoIncrementCycle>false</autoIncrementCycle>
</Column>
<Column name="owner_fname" id="453E5A36-4FBE-BAFB-F42A-181CDE79C99E">
<createdBy>prana</createdBy>
<createdTime>2023-05-03 03:25:34 UTC</createdTime>
<commentInRDBMS><![CDATA[owner frst name]]></commentInRDBMS>
<generatorID>92FB1326-F311-FB59-DCE3-0746C5A1B634</generatorID>
<ownerDesignName>cui_orclemodel</ownerDesignName>
<useDomainConstraints>false</useDomainConstraints>
<use>1</use>
<logicalDatatype>LOGDT024</logicalDatatype>
<dataTypeSize>30</dataTypeSize>
<ownDataTypeParameters>30,,</ownDataTypeParameters>
<autoIncrementCycle>false</autoIncrementCycle>
</Column>
<Column name="owner_lname" id="39930A4C-3735-05A9-57BF-FEF9728C10C2">
<createdBy>prana</createdBy>
<createdTime>2023-05-03 03:25:34 UTC</createdTime>
<commentInRDBMS><![CDATA[owner last name]]></commentInRDBMS>
<generatorID>A9BF1DF3-5FDA-20B2-3FBC-7A260FA08BF8</generatorID>
<ownerDesignName>cui_orclemodel</ownerDesignName>
<useDomainConstraints>false</useDomainConstraints>
<use>1</use>
<logicalDatatype>LOGDT024</logicalDatatype>
<dataTypeSize>30</dataTypeSize>
<ownDataTypeParameters>30,,</ownDataTypeParameters>
<autoIncrementCycle>false</autoIncrementCycle>
</Column>
<Column name="ower_email" id="37F63EA2-399E-C704-0C5A-7E52242D1047">
<createdBy>prana</createdBy>
<createdTime>2023-05-03 03:25:34 UTC</createdTime>
<commentInRDBMS><![CDATA[owner email address]]></commentInRDBMS>
<generatorID>5C04DD6E-0313-3E8C-FA11-021D7957D838</generatorID>
<ownerDesignName>cui_orclemodel</ownerDesignName>
<useDomainConstraints>false</useDomainConstraints>
<use>1</use>
<logicalDatatype>LOGDT024</logicalDatatype>
<dataTypeSize>30</dataTypeSize>
<ownDataTypeParameters>30,,</ownDataTypeParameters>
<autoIncrementCycle>false</autoIncrementCycle>
</Column>
<Column name="owner_phone" id="83F554F6-880D-A361-794B-E040CAE031E4">
<createdBy>prana</createdBy>
<createdTime>2023-05-03 03:25:34 UTC</createdTime>
<commentInRDBMS><![CDATA[owner phone number]]></commentInRDBMS>
<generatorID>776A3B35-874D-A965-9B0A-993BFA840953</generatorID>
<ownerDesignName>cui_orclemodel</ownerDesignName>
<useDomainConstraints>false</useDomainConstraints>
<use>1</use>
<logicalDatatype>LOGDT025</logicalDatatype>
<dataTypeSize>10</dataTypeSize>
<ownDataTypeParameters>10,,</ownDataTypeParameters>
<autoIncrementCycle>false</autoIncrementCycle>
</Column>
</columns>
<indexes itemClass="oracle.dbtools.crest.model.design.relational.Index">
<ind_PK_UK id="CCF28180-CD6E-C1DA-30CB-BC546E504B2A" name="OWNER_PK">
<createdBy>prana</createdBy>
<createdTime>2023-05-03 03:25:34 UTC</createdTime>
<generatorID>8EAFA25B-FA36-A4EF-791A-FF990EEB846E</generatorID>
<ownerDesignName>cui_orclemodel</ownerDesignName>
<pk>true</pk>
<indexState>Primary Constraint</indexState>
<isSurrogateKey>false</isSurrogateKey>
<indexColumnUsage>
<colUsage columnID="EE3348D4-20C4-0EFC-823B-7F0C80E8AB64"/>
</indexColumnUsage>
</ind_PK_UK>
</indexes>
</Table>
