<?xml version = '1.0' encoding = 'UTF-8'?>
<Table class="oracle.dbtools.crest.model.design.relational.Table" directorySegmentName="seg_0" id="C1B25751-E4C2-B54C-9909-0D6EFBE63DB8" name="OWNERPROP">
<createdBy>prana</createdBy>
<createdTime>2023-05-03 03:25:34 UTC</createdTime>
<generatorID>6E56EEEE-FCBD-67DD-C168-77FC332EB4BE</generatorID>
<ownerDesignName>cui_orclemodel</ownerDesignName>
<allowColumnReorder>false</allowColumnReorder>
<existDependencyGenerateInDDl>true</existDependencyGenerateInDDl>
<parsed>true</parsed>
<columns itemClass="oracle.dbtools.crest.model.design.relational.Column">
<Column name="owner_id" id="6D4967B1-13DE-86B9-E355-15F4DF76E043">
<createdBy>prana</createdBy>
<createdTime>2023-05-03 03:25:34 UTC</createdTime>
<commentInRDBMS><![CDATA[owner id]]></commentInRDBMS>
<generatorID>3C8C3777-2CE7-B22D-E4C4-755A5D4329A3</generatorID>
<ownerDesignName>cui_orclemodel</ownerDesignName>
<useDomainConstraints>false</useDomainConstraints>
<use>1</use>
<logicalDatatype>LOGDT025</logicalDatatype>
<dataTypeSize>5</dataTypeSize>
<ownDataTypeParameters>,,</ownDataTypeParameters>
<previousColumn>false</previousColumn>
<autoIncrementCycle>false</autoIncrementCycle>
<associations>
<colAssociation fkAssociation="F3E63026-C304-9711-5598-F6ED89E3A7A2" referredColumn="EE3348D4-20C4-0EFC-823B-7F0C80E8AB64"/>
</associations>
</Column>
<Column name="prop_num" id="9521B58B-D983-352A-DC53-DE73744577C5">
<createdBy>prana</createdBy>
<createdTime>2023-05-03 03:25:34 UTC</createdTime>
<commentInRDBMS><![CDATA[property number]]></commentInRDBMS>
<generatorID>B405AE50-7B07-E211-F24A-E9E57530695F</generatorID>
<ownerDesignName>cui_orclemodel</ownerDesignName>
<useDomainConstraints>false</useDomainConstraints>
<use>1</use>
<logicalDatatype>LOGDT019</logicalDatatype>
<dataTypePrecision>5</dataTypePrecision>
<ownDataTypeParameters>,,</ownDataTypeParameters>
<previousColumn>false</previousColumn>
<autoIncrementCycle>false</autoIncrementCycle>
<associations>
<colAssociation fkAssociation="4DB20B76-2CD0-4B98-CBE7-61E42143B60C" referredColumn="0A7BAD0C-B41D-2C67-DB9B-C651B644FE0C"/>
</associations>
</Column>
</columns>
<indexes itemClass="oracle.dbtools.crest.model.design.relational.Index">
<ind_PK_UK id="60C9A648-C54B-2172-81D0-7BDD885C5F71" name="OWNERPROP_PK">
<createdBy>prana</createdBy>
<createdTime>2023-05-03 03:25:34 UTC</createdTime>
<generatorID>85359440-8F09-8AC6-A7BB-054E306C8AB0</generatorID>
<ownerDesignName>cui_orclemodel</ownerDesignName>
<pk>true</pk>
<indexState>Primary Constraint</indexState>
<isSurrogateKey>false</isSurrogateKey>
<indexColumnUsage>
<colUsage columnID="6D4967B1-13DE-86B9-E355-15F4DF76E043"/>
<colUsage columnID="9521B58B-D983-352A-DC53-DE73744577C5"/>
</indexColumnUsage>
</ind_PK_UK>
<ind_PK_UK id="BE9DD708-BBD0-C820-FDF9-022A493D4B25" name="ONWERPROP_PROPERTY">
<createdBy>prana</createdBy>
<createdTime>2023-05-03 03:25:34 UTC</createdTime>
<generatorID>A7E31742-07B4-12D0-C4CD-C79042FA0EED</generatorID>
<ownerDesignName>cui_orclemodel</ownerDesignName>
<indexState>Foreign Key</indexState>
<isSurrogateKey>false</isSurrogateKey>
<indexColumnUsage>
<colUsage columnID="9521B58B-D983-352A-DC53-DE73744577C5"/>
</indexColumnUsage>
</ind_PK_UK>
<ind_PK_UK id="6D492EA2-94D7-78A2-B4D1-F2B218158031" name="OWNERPR">
<createdBy>prana</createdBy>
<createdTime>2023-05-03 03:25:34 UTC</createdTime>
<generatorID>E4DA37D7-0B11-9AFA-79F6-1E442AEA6A9A</generatorID>
<ownerDesignName>cui_orclemodel</ownerDesignName>
<indexState>Foreign Key</indexState>
<isSurrogateKey>false</isSurrogateKey>
<indexColumnUsage>
<colUsage columnID="6D4967B1-13DE-86B9-E355-15F4DF76E043"/>
</indexColumnUsage>
</ind_PK_UK>
</indexes>
</Table>
