<?xml version = '1.0' encoding = 'UTF-8'?>
<Table class="oracle.dbtools.crest.model.design.relational.Table" directorySegmentName="seg_0" id="C1C0BB5E-7CF2-41B6-3F27-4E47283B2281" name="COLLECTION">
<createdBy>prana</createdBy>
<createdTime>2023-05-03 03:25:34 UTC</createdTime>
<generatorID>75EE6D26-7308-5505-023E-D5138566A23C</generatorID>
<ownerDesignName>cui_orclemodel</ownerDesignName>
<allowColumnReorder>false</allowColumnReorder>
<existDependencyGenerateInDDl>true</existDependencyGenerateInDDl>
<parsed>true</parsed>
<columns itemClass="oracle.dbtools.crest.model.design.relational.Column">
<Column name="coll_date" id="0E57DE49-AF3C-D4A7-14FB-0B826D3CB4A6">
<createdBy>prana</createdBy>
<createdTime>2023-05-03 03:25:34 UTC</createdTime>
<commentInRDBMS><![CDATA[date of collection]]></commentInRDBMS>
<generatorID>806C5C2F-B576-CDF9-00CF-421F5F879C11</generatorID>
<ownerDesignName>cui_orclemodel</ownerDesignName>
<useDomainConstraints>false</useDomainConstraints>
<use>1</use>
<logicalDatatype>LOGDT024</logicalDatatype>
<dataTypeSize>20 CHAR</dataTypeSize>
<ownDataTypeParameters>20 CHAR,,</ownDataTypeParameters>
<autoIncrementCycle>false</autoIncrementCycle>
</Column>
<Column name="waste_type_id" id="01668BFE-C414-CCFA-9A34-5E79248C90D1">
<createdBy>prana</createdBy>
<createdTime>2023-05-03 03:25:34 UTC</createdTime>
<commentInRDBMS><![CDATA[Waste type ID]]></commentInRDBMS>
<generatorID>6648E79A-BBCE-7B63-BBD1-72416507A23A</generatorID>
<ownerDesignName>cui_orclemodel</ownerDesignName>
<useDomainConstraints>false</useDomainConstraints>
<use>1</use>
<logicalDatatype>LOGDT019</logicalDatatype>
<dataTypePrecision>1</dataTypePrecision>
<ownDataTypeParameters>,,</ownDataTypeParameters>
<previousColumn>false</previousColumn>
<autoIncrementCycle>false</autoIncrementCycle>
<associations>
<colAssociation fkAssociation="3F8E6D65-016C-D670-4C75-AF651665A157" referredColumn="5896CAED-60BF-F695-F645-4D79551295AD"/>
</associations>
</Column>
<Column name="truck_vin" id="12215141-615D-E033-5BBE-A014536FF996">
<createdBy>prana</createdBy>
<createdTime>2023-05-03 03:25:34 UTC</createdTime>
<commentInRDBMS><![CDATA[truck vin]]></commentInRDBMS>
<generatorID>F9C2F3E2-2279-8CBD-EE56-35E645A0FF2A</generatorID>
<ownerDesignName>cui_orclemodel</ownerDesignName>
<useDomainConstraints>false</useDomainConstraints>
<use>1</use>
<logicalDatatype>LOGDT024</logicalDatatype>
<dataTypeSize>17 CHAR</dataTypeSize>
<ownDataTypeParameters>,,</ownDataTypeParameters>
<previousColumn>false</previousColumn>
<autoIncrementCycle>false</autoIncrementCycle>
<associations>
<colAssociation fkAssociation="16D440FB-97FE-AC92-36DD-5B5DD2E5759A" referredColumn="5317DEFB-112E-0794-EDA7-4A3FA63D8CCF"/>
</associations>
</Column>
<Column name="driver_num" id="E3BBCAE9-81D1-1C97-1039-6A6CEF83B0E1">
<createdBy>prana</createdBy>
<createdTime>2023-05-03 03:25:34 UTC</createdTime>
<commentInRDBMS><![CDATA[driver number]]></commentInRDBMS>
<generatorID>D7CB3CD5-9195-5612-AD34-37267A49E8EF</generatorID>
<ownerDesignName>cui_orclemodel</ownerDesignName>
<useDomainConstraints>false</useDomainConstraints>
<use>1</use>
<logicalDatatype>LOGDT019</logicalDatatype>
<dataTypePrecision>2</dataTypePrecision>
<ownDataTypeParameters>,,</ownDataTypeParameters>
<previousColumn>false</previousColumn>
<autoIncrementCycle>false</autoIncrementCycle>
<associations>
<colAssociation fkAssociation="16D440FB-97FE-AC92-36DD-5B5DD2E5759A" referredColumn="4FA6A056-4D7F-D905-810E-53C5319219CB"/>
</associations>
</Column>
<Column name="con_num" id="CFD0C2EC-B5D7-DCAF-83E4-1CCDA6FEC096">
<createdBy>prana</createdBy>
<createdTime>2023-05-03 03:25:34 UTC</createdTime>
<commentInRDBMS><![CDATA[Contract number.]]></commentInRDBMS>
<generatorID>8DC9DC8A-BE14-B915-2E59-088AEA0239DA</generatorID>
<ownerDesignName>cui_orclemodel</ownerDesignName>
<useDomainConstraints>false</useDomainConstraints>
<use>1</use>
<logicalDatatype>LOGDT019</logicalDatatype>
<dataTypePrecision>4</dataTypePrecision>
<ownDataTypeParameters>,,</ownDataTypeParameters>
<previousColumn>false</previousColumn>
<autoIncrementCycle>false</autoIncrementCycle>
<associations>
<colAssociation fkAssociation="3F8E6D65-016C-D670-4C75-AF651665A157" referredColumn="A3F309CA-53EF-52B8-BA54-F0E93430C33C"/>
</associations>
</Column>
</columns>
<indexes itemClass="oracle.dbtools.crest.model.design.relational.Index">
<ind_PK_UK id="505B5E93-673B-EBDF-6DD3-50C16D5AD323" name="COLLECTION_PK">
<createdBy>prana</createdBy>
<createdTime>2023-05-03 03:25:34 UTC</createdTime>
<generatorID>F940AFE3-EE5E-E1EE-9631-D32CF00C1F10</generatorID>
<ownerDesignName>cui_orclemodel</ownerDesignName>
<pk>true</pk>
<indexState>Primary Constraint</indexState>
<isSurrogateKey>false</isSurrogateKey>
<indexColumnUsage>
<colUsage columnID="0E57DE49-AF3C-D4A7-14FB-0B826D3CB4A6"/>
<colUsage columnID="01668BFE-C414-CCFA-9A34-5E79248C90D1"/>
<colUsage columnID="CFD0C2EC-B5D7-DCAF-83E4-1CCDA6FEC096"/>
</indexColumnUsage>
</ind_PK_UK>
<ind_PK_UK id="76947A84-9229-736C-D0AC-437CD2CDB097" name="AUTH_TRUCK_COLLECTION">
<createdBy>prana</createdBy>
<createdTime>2023-05-03 03:25:34 UTC</createdTime>
<generatorID>0E62180C-74FF-663B-4437-191A0C5D0D02</generatorID>
<ownerDesignName>cui_orclemodel</ownerDesignName>
<indexState>Foreign Key</indexState>
<isSurrogateKey>false</isSurrogateKey>
<indexColumnUsage>
<colUsage columnID="12215141-615D-E033-5BBE-A014536FF996"/>
<colUsage columnID="E3BBCAE9-81D1-1C97-1039-6A6CEF83B0E1"/>
</indexColumnUsage>
</ind_PK_UK>
<ind_PK_UK id="70AE3A88-162F-14A3-5AAB-15A6A324166A" name="CONTRACT_WASTE_TYPE_COLLECTION">
<createdBy>prana</createdBy>
<createdTime>2023-05-03 03:25:34 UTC</createdTime>
<generatorID>D920E47B-6F0F-DB5B-6ADF-3D7D98A482B6</generatorID>
<ownerDesignName>cui_orclemodel</ownerDesignName>
<indexState>Foreign Key</indexState>
<isSurrogateKey>false</isSurrogateKey>
<indexColumnUsage>
<colUsage columnID="01668BFE-C414-CCFA-9A34-5E79248C90D1"/>
<colUsage columnID="CFD0C2EC-B5D7-DCAF-83E4-1CCDA6FEC096"/>
</indexColumnUsage>
</ind_PK_UK>
</indexes>
</Table>
