<?xml version = '1.0' encoding = 'UTF-8'?>
<Table class="oracle.dbtools.crest.model.design.relational.Table" directorySegmentName="seg_0" id="D4763D8E-9121-0D30-CD24-252F0CCD470C" name="MADE_COLLECTION">
<createdBy>prana</createdBy>
<createdTime>2023-05-03 03:25:34 UTC</createdTime>
<generatorID>BB135B4D-B0ED-5658-6991-7E6698B0F5B3</generatorID>
<ownerDesignName>cui_orclemodel</ownerDesignName>
<allowColumnReorder>false</allowColumnReorder>
<existDependencyGenerateInDDl>true</existDependencyGenerateInDDl>
<parsed>true</parsed>
<columns itemClass="oracle.dbtools.crest.model.design.relational.Column">
<Column name="coll_over_weight" id="4F63350D-0D3C-5B0C-4407-320BF53EC12C">
<createdBy>prana</createdBy>
<createdTime>2023-05-03 03:25:34 UTC</createdTime>
<commentInRDBMS><![CDATA[indication whether collection is overweight]]></commentInRDBMS>
<generatorID>40C31FB4-A5F9-3791-1394-1DC35E911308</generatorID>
<ownerDesignName>cui_orclemodel</ownerDesignName>
<useDomainConstraints>false</useDomainConstraints>
<use>1</use>
<logicalDatatype>LOGDT025</logicalDatatype>
<dataTypeSize>1 CHAR</dataTypeSize>
<ownDataTypeParameters>1 CHAR,,</ownDataTypeParameters>
<autoIncrementCycle>false</autoIncrementCycle>
</Column>
<Column name="coll_weight" id="86FC8EE4-23C7-9148-CEA4-6EA89A8982DE">
<createdBy>prana</createdBy>
<createdTime>2023-05-03 03:25:34 UTC</createdTime>
<commentInRDBMS><![CDATA[weight of the collection]]></commentInRDBMS>
<generatorID>713DB6E9-DD77-0A58-4C23-A9EE66DAE667</generatorID>
<ownerDesignName>cui_orclemodel</ownerDesignName>
<nullsAllowed>true</nullsAllowed>
<useDomainConstraints>false</useDomainConstraints>
<use>1</use>
<logicalDatatype>LOGDT019</logicalDatatype>
<dataTypePrecision>3</dataTypePrecision>
<ownDataTypeParameters>,3,</ownDataTypeParameters>
<autoIncrementCycle>false</autoIncrementCycle>
</Column>
<Column name="bin_rfid" id="00F2CB3D-BB0C-6EEF-D5EA-7AC93A938378">
<createdBy>prana</createdBy>
<createdTime>2023-05-03 03:25:34 UTC</createdTime>
<commentInRDBMS><![CDATA[bin rfid]]></commentInRDBMS>
<generatorID>5DF0C91B-E330-C599-F47D-17B74EF0FD5B</generatorID>
<ownerDesignName>cui_orclemodel</ownerDesignName>
<useDomainConstraints>false</useDomainConstraints>
<use>1</use>
<logicalDatatype>LOGDT024</logicalDatatype>
<dataTypeSize>16 CHAR</dataTypeSize>
<ownDataTypeParameters>,,</ownDataTypeParameters>
<previousColumn>false</previousColumn>
<autoIncrementCycle>false</autoIncrementCycle>
<associations>
<colAssociation fkAssociation="C7341E07-BA54-B4FC-6D6B-59DF4B24012D" referredColumn="9701043B-6002-AD7D-B5F9-433B766E2F93"/>
</associations>
</Column>
<Column name="coll_date" id="236452F7-C41C-1FC6-6380-1F98A1EB76E9">
<createdBy>prana</createdBy>
<createdTime>2023-05-03 03:25:34 UTC</createdTime>
<commentInRDBMS><![CDATA[date of collection]]></commentInRDBMS>
<generatorID>DC20870D-8750-5E82-07C6-E343FD1DD73D</generatorID>
<ownerDesignName>cui_orclemodel</ownerDesignName>
<useDomainConstraints>false</useDomainConstraints>
<use>1</use>
<logicalDatatype>LOGDT024</logicalDatatype>
<dataTypeSize>20 CHAR</dataTypeSize>
<ownDataTypeParameters>,,</ownDataTypeParameters>
<previousColumn>false</previousColumn>
<autoIncrementCycle>false</autoIncrementCycle>
<associations>
<colAssociation fkAssociation="4A712526-4271-B1F7-69EC-A5C62AC34F7E" referredColumn="0E57DE49-AF3C-D4A7-14FB-0B826D3CB4A6"/>
</associations>
</Column>
<Column name="waste_type_id" id="56749FB1-D69E-1B39-176E-B232BEC454F0">
<createdBy>prana</createdBy>
<createdTime>2023-05-03 03:25:34 UTC</createdTime>
<commentInRDBMS><![CDATA[Waste type ID]]></commentInRDBMS>
<generatorID>A7333115-4857-A1E0-8E3A-1447A8A127CD</generatorID>
<ownerDesignName>cui_orclemodel</ownerDesignName>
<useDomainConstraints>false</useDomainConstraints>
<use>1</use>
<logicalDatatype>LOGDT019</logicalDatatype>
<dataTypePrecision>1</dataTypePrecision>
<ownDataTypeParameters>,,</ownDataTypeParameters>
<previousColumn>false</previousColumn>
<autoIncrementCycle>false</autoIncrementCycle>
<associations>
<colAssociation fkAssociation="4A712526-4271-B1F7-69EC-A5C62AC34F7E" referredColumn="01668BFE-C414-CCFA-9A34-5E79248C90D1"/>
</associations>
</Column>
<Column name="con_num" id="14B935B8-C73F-04B9-3181-E5AF8BA7695C">
<createdBy>prana</createdBy>
<createdTime>2023-05-03 03:25:34 UTC</createdTime>
<commentInRDBMS><![CDATA[Contract number.]]></commentInRDBMS>
<generatorID>FACC4260-B25C-F16D-CA20-BDB7B3EE30AE</generatorID>
<ownerDesignName>cui_orclemodel</ownerDesignName>
<useDomainConstraints>false</useDomainConstraints>
<use>1</use>
<logicalDatatype>LOGDT019</logicalDatatype>
<dataTypePrecision>4</dataTypePrecision>
<ownDataTypeParameters>,,</ownDataTypeParameters>
<previousColumn>false</previousColumn>
<autoIncrementCycle>false</autoIncrementCycle>
<associations>
<colAssociation fkAssociation="4A712526-4271-B1F7-69EC-A5C62AC34F7E" referredColumn="CFD0C2EC-B5D7-DCAF-83E4-1CCDA6FEC096"/>
</associations>
</Column>
</columns>
<indexes itemClass="oracle.dbtools.crest.model.design.relational.Index">
<ind_PK_UK id="B6E0A196-C5DC-78F0-C2E8-D1E7CEF1D60B" name="MADE_COLLECTION_PK">
<createdBy>prana</createdBy>
<createdTime>2023-05-03 03:25:34 UTC</createdTime>
<generatorID>050632D0-764C-E593-A089-8AC09E2709E2</generatorID>
<ownerDesignName>cui_orclemodel</ownerDesignName>
<pk>true</pk>
<indexState>Primary Constraint</indexState>
<isSurrogateKey>false</isSurrogateKey>
<indexColumnUsage>
<colUsage columnID="00F2CB3D-BB0C-6EEF-D5EA-7AC93A938378"/>
<colUsage columnID="236452F7-C41C-1FC6-6380-1F98A1EB76E9"/>
<colUsage columnID="56749FB1-D69E-1B39-176E-B232BEC454F0"/>
<colUsage columnID="14B935B8-C73F-04B9-3181-E5AF8BA7695C"/>
</indexColumnUsage>
</ind_PK_UK>
<ind_PK_UK id="311944BC-58BA-B419-3C8F-DFB7D5034291" name="BIN_MADE_COLLECTION">
<createdBy>prana</createdBy>
<createdTime>2023-05-03 03:25:34 UTC</createdTime>
<generatorID>79A483EA-F946-4782-DB7B-BA8EA719AD46</generatorID>
<ownerDesignName>cui_orclemodel</ownerDesignName>
<indexState>Foreign Key</indexState>
<isSurrogateKey>false</isSurrogateKey>
<indexColumnUsage>
<colUsage columnID="00F2CB3D-BB0C-6EEF-D5EA-7AC93A938378"/>
</indexColumnUsage>
</ind_PK_UK>
<ind_PK_UK id="733A0BF1-E09F-ADA7-D991-81E4E7EF8B25" name="COLLECTION_MADE_COLLECTION">
<createdBy>prana</createdBy>
<createdTime>2023-05-03 03:25:34 UTC</createdTime>
<generatorID>7FFE1617-2129-5A8D-C603-896087763167</generatorID>
<ownerDesignName>cui_orclemodel</ownerDesignName>
<indexState>Foreign Key</indexState>
<isSurrogateKey>false</isSurrogateKey>
<indexColumnUsage>
<colUsage columnID="236452F7-C41C-1FC6-6380-1F98A1EB76E9"/>
<colUsage columnID="56749FB1-D69E-1B39-176E-B232BEC454F0"/>
<colUsage columnID="14B935B8-C73F-04B9-3181-E5AF8BA7695C"/>
</indexColumnUsage>
</ind_PK_UK>
</indexes>
</Table>
