<?xml version = '1.0' encoding = 'UTF-8'?>
<Table class="oracle.dbtools.crest.model.design.relational.Table" directorySegmentName="seg_0" id="DB404837-7167-9253-5AFC-470D05BE24C6" name="CONTRACT_WASTE_TYPE">
<createdBy>prana</createdBy>
<createdTime>2023-05-03 03:25:34 UTC</createdTime>
<generatorID>6D4BE350-2509-1A76-3D15-4337B8CB04D3</generatorID>
<ownerDesignName>cui_orclemodel</ownerDesignName>
<allowColumnReorder>false</allowColumnReorder>
<existDependencyGenerateInDDl>true</existDependencyGenerateInDDl>
<parsed>true</parsed>
<columns itemClass="oracle.dbtools.crest.model.design.relational.Column">
<Column name="contract_waste_type_cost" id="3D38CE4F-FF53-8967-D958-659997D65E37">
<createdBy>prana</createdBy>
<createdTime>2023-05-03 03:25:34 UTC</createdTime>
<commentInRDBMS><![CDATA[cost of waste type in the contract]]></commentInRDBMS>
<generatorID>B6C00105-E830-3F8F-E01E-67FD14AD7121</generatorID>
<ownerDesignName>cui_orclemodel</ownerDesignName>
<useDomainConstraints>false</useDomainConstraints>
<use>1</use>
<logicalDatatype>LOGDT019</logicalDatatype>
<dataTypePrecision>6</dataTypePrecision>
<dataTypeScale>2</dataTypeScale>
<ownDataTypeParameters>,6,2</ownDataTypeParameters>
<autoIncrementCycle>false</autoIncrementCycle>
</Column>
<Column name="contect_waste_type_frequency" id="46001F90-352D-0847-BF46-E6CB5BC37B72">
<createdBy>prana</createdBy>
<createdTime>2023-05-03 03:25:34 UTC</createdTime>
<commentInRDBMS><![CDATA[Frequency of collection of the waste]]></commentInRDBMS>
<generatorID>5894E8B5-D902-39F9-7B1B-2F381037B44C</generatorID>
<ownerDesignName>cui_orclemodel</ownerDesignName>
<constraintName>waste_coll_freq</constraintName>
<useDomainConstraints>false</useDomainConstraints>
<use>1</use>
<logicalDatatype>LOGDT019</logicalDatatype>
<dataTypePrecision>1</dataTypePrecision>
<listOfValues>
<valueDef value="1" description="Weekly"/>
<valueDef value="2" description="Fortnightly"/>
<valueDef value="3" description="Monthly"/>
</listOfValues>
<ownDataTypeParameters>,1,</ownDataTypeParameters>
<autoIncrementCycle>false</autoIncrementCycle>
</Column>
<Column name="waste_type_id" id="5896CAED-60BF-F695-F645-4D79551295AD">
<createdBy>prana</createdBy>
<createdTime>2023-05-03 03:25:34 UTC</createdTime>
<commentInRDBMS><![CDATA[Waste type ID]]></commentInRDBMS>
<generatorID>E508A72C-15D5-B643-A1D0-03FD2931009A</generatorID>
<ownerDesignName>cui_orclemodel</ownerDesignName>
<useDomainConstraints>false</useDomainConstraints>
<use>1</use>
<logicalDatatype>LOGDT019</logicalDatatype>
<dataTypePrecision>1</dataTypePrecision>
<ownDataTypeParameters>,,</ownDataTypeParameters>
<previousColumn>false</previousColumn>
<autoIncrementCycle>false</autoIncrementCycle>
<associations>
<colAssociation fkAssociation="BB38C1BB-A38B-3EE7-1685-99EF56EC7698" referredColumn="14295A7E-1F29-8D39-A25E-62F897B98816"/>
</associations>
</Column>
<Column name="con_num" id="A3F309CA-53EF-52B8-BA54-F0E93430C33C">
<createdBy>prana</createdBy>
<createdTime>2023-05-03 03:25:34 UTC</createdTime>
<commentInRDBMS><![CDATA[Contract number.]]></commentInRDBMS>
<generatorID>AEF7B271-9599-0067-4C3C-770DB4901B11</generatorID>
<ownerDesignName>cui_orclemodel</ownerDesignName>
<useDomainConstraints>false</useDomainConstraints>
<use>1</use>
<logicalDatatype>LOGDT019</logicalDatatype>
<dataTypePrecision>4</dataTypePrecision>
<ownDataTypeParameters>,,</ownDataTypeParameters>
<previousColumn>false</previousColumn>
<autoIncrementCycle>false</autoIncrementCycle>
<associations>
<colAssociation fkAssociation="75C9D45D-D906-913B-75F2-1EF368AB1A88" referredColumn="6214C761-1AC7-2876-11F9-97B4278A1D63"/>
</associations>
</Column>
</columns>
<indexes itemClass="oracle.dbtools.crest.model.design.relational.Index">
<ind_PK_UK id="97EEC2EA-63AB-758A-5DA8-57F1D495CBAF" name="CONWASTEYPE_PK">
<createdBy>prana</createdBy>
<createdTime>2023-05-03 03:25:34 UTC</createdTime>
<generatorID>AD400E76-0DF1-70AF-9AE0-C699D387BAD7</generatorID>
<ownerDesignName>cui_orclemodel</ownerDesignName>
<pk>true</pk>
<indexState>Primary Constraint</indexState>
<isSurrogateKey>false</isSurrogateKey>
<indexColumnUsage>
<colUsage columnID="5896CAED-60BF-F695-F645-4D79551295AD"/>
<colUsage columnID="A3F309CA-53EF-52B8-BA54-F0E93430C33C"/>
</indexColumnUsage>
</ind_PK_UK>
<ind_PK_UK id="968FDC6F-4896-D347-8A56-2417B42D643D" name="CONTRACT_WASTE_TYPE">
<createdBy>prana</createdBy>
<createdTime>2023-05-03 03:25:34 UTC</createdTime>
<generatorID>746C4FD3-D66C-F20F-2924-36BDFAE23283</generatorID>
<ownerDesignName>cui_orclemodel</ownerDesignName>
<indexState>Foreign Key</indexState>
<isSurrogateKey>false</isSurrogateKey>
<indexColumnUsage>
<colUsage columnID="A3F309CA-53EF-52B8-BA54-F0E93430C33C"/>
</indexColumnUsage>
</ind_PK_UK>
<ind_PK_UK id="745EAEF6-D90B-6ED9-B05E-0031EBD0D0EA" name="WASTE_TYPE_CONTRACT">
<createdBy>prana</createdBy>
<createdTime>2023-05-03 03:25:34 UTC</createdTime>
<generatorID>A77DACC4-D617-47AE-F1C1-CCE878176594</generatorID>
<ownerDesignName>cui_orclemodel</ownerDesignName>
<indexState>Foreign Key</indexState>
<isSurrogateKey>false</isSurrogateKey>
<indexColumnUsage>
<colUsage columnID="5896CAED-60BF-F695-F645-4D79551295AD"/>
</indexColumnUsage>
</ind_PK_UK>
</indexes>
</Table>
