<?xml version = '1.0' encoding = 'UTF-8'?>
<Table class="oracle.dbtools.crest.model.design.relational.Table" directorySegmentName="seg_0" id="EBA2F8B8-8072-DDB2-DA4E-AD90CEBB24AF" name="AUTHORITY">
<createdBy>prana</createdBy>
<createdTime>2023-05-03 03:25:34 UTC</createdTime>
<generatorID>FCE762FA-7406-ACD8-DD6E-DCD94712F297</generatorID>
<ownerDesignName>cui_orclemodel</ownerDesignName>
<allowColumnReorder>false</allowColumnReorder>
<existDependencyGenerateInDDl>true</existDependencyGenerateInDDl>
<parsed>true</parsed>
<columns itemClass="oracle.dbtools.crest.model.design.relational.Column">
<Column name="auth_name" id="7F14FDC1-100B-3081-4CDE-832D6FC1B045">
<createdBy>prana</createdBy>
<createdTime>2023-05-03 03:25:34 UTC</createdTime>
<commentInRDBMS><![CDATA[authority name
]]></commentInRDBMS>
<generatorID>CDCBCCF1-839C-39EB-D1A0-C8E66DAA9375</generatorID>
<ownerDesignName>cui_orclemodel</ownerDesignName>
<useDomainConstraints>false</useDomainConstraints>
<use>1</use>
<logicalDatatype>LOGDT024</logicalDatatype>
<dataTypeSize>20</dataTypeSize>
<ownDataTypeParameters>20,,</ownDataTypeParameters>
<autoIncrementCycle>false</autoIncrementCycle>
</Column>
<Column name="auth_ceo_fname" id="AFBB7074-F682-2AD1-9CCD-F5AD066CFE29">
<createdBy>prana</createdBy>
<createdTime>2023-05-03 03:25:34 UTC</createdTime>
<commentInRDBMS><![CDATA[the first name of authority  ceo]]></commentInRDBMS>
<generatorID>B4D49DB5-80CE-331C-87A8-39262568DCB9</generatorID>
<ownerDesignName>cui_orclemodel</ownerDesignName>
<useDomainConstraints>false</useDomainConstraints>
<use>1</use>
<logicalDatatype>LOGDT024</logicalDatatype>
<dataTypeSize>30</dataTypeSize>
<ownDataTypeParameters>30,,</ownDataTypeParameters>
<autoIncrementCycle>false</autoIncrementCycle>
</Column>
<Column name="auth_ceo_lname" id="ACBF6002-5CF7-38F2-6BED-B5B4D15B8BAD">
<createdBy>prana</createdBy>
<createdTime>2023-05-03 03:25:34 UTC</createdTime>
<commentInRDBMS><![CDATA[the last name of authority ceo]]></commentInRDBMS>
<generatorID>305EAF14-FADC-5CDF-ABB8-F0E586D30A94</generatorID>
<ownerDesignName>cui_orclemodel</ownerDesignName>
<useDomainConstraints>false</useDomainConstraints>
<use>1</use>
<logicalDatatype>LOGDT024</logicalDatatype>
<dataTypeSize>30</dataTypeSize>
<ownDataTypeParameters>30,,</ownDataTypeParameters>
<autoIncrementCycle>false</autoIncrementCycle>
</Column>
<Column name="auth_contact" id="81362EBC-CFF4-082D-109B-706B801FA51D">
<createdBy>prana</createdBy>
<createdTime>2023-05-03 03:25:34 UTC</createdTime>
<commentInRDBMS><![CDATA[authority contact number]]></commentInRDBMS>
<generatorID>F7C29E6D-2FF6-6DAB-2F70-9C0281932CB8</generatorID>
<ownerDesignName>cui_orclemodel</ownerDesignName>
<useDomainConstraints>false</useDomainConstraints>
<use>1</use>
<logicalDatatype>LOGDT025</logicalDatatype>
<dataTypeSize>10</dataTypeSize>
<ownDataTypeParameters>10,,</ownDataTypeParameters>
<autoIncrementCycle>false</autoIncrementCycle>
</Column>
<Column name="auth_total_area" id="534612BA-931C-AC70-248B-0D7E74CEF4AF">
<createdBy>prana</createdBy>
<createdTime>2023-05-03 03:25:34 UTC</createdTime>
<commentInRDBMS><![CDATA[total area if the authority]]></commentInRDBMS>
<generatorID>CC162BC4-02A0-8480-D5B7-E3D99D7D549F</generatorID>
<ownerDesignName>cui_orclemodel</ownerDesignName>
<useDomainConstraints>false</useDomainConstraints>
<use>1</use>
<logicalDatatype>LOGDT019</logicalDatatype>
<dataTypePrecision>9</dataTypePrecision>
<dataTypeScale>2</dataTypeScale>
<ownDataTypeParameters>,9,2</ownDataTypeParameters>
<autoIncrementCycle>false</autoIncrementCycle>
</Column>
<Column name="auth_type" id="0CDC8D3E-6B31-0647-320C-32CA337FCC56">
<createdBy>prana</createdBy>
<createdTime>2023-05-03 03:25:34 UTC</createdTime>
<commentInRDBMS><![CDATA[type of the authority]]></commentInRDBMS>
<generatorID>C0A7F9A0-1A8A-079F-9804-AB7B0E226B2C</generatorID>
<ownerDesignName>cui_orclemodel</ownerDesignName>
<constraintName>local_auth_type</constraintName>
<useDomainConstraints>false</useDomainConstraints>
<use>1</use>
<logicalDatatype>LOGDT019</logicalDatatype>
<dataTypePrecision>1</dataTypePrecision>
<listOfValues>
<valueDef value="1" description="Borough"/>
<valueDef value="2" description="City"/>
<valueDef value="3" description="District Council"/>
<valueDef value="4" description="Shire"/>
<valueDef value="5" description="Town"/>
</listOfValues>
<ownDataTypeParameters>,1,</ownDataTypeParameters>
<autoIncrementCycle>false</autoIncrementCycle>
</Column>
</columns>
<indexes itemClass="oracle.dbtools.crest.model.design.relational.Index">
<ind_PK_UK id="736A28DD-499D-9429-ED08-EF6ABCA41AD7" name="AUTHORITY_PK">
<createdBy>prana</createdBy>
<createdTime>2023-05-03 03:25:34 UTC</createdTime>
<generatorID>4C1ACCB5-E363-D013-C333-2738379E2515</generatorID>
<ownerDesignName>cui_orclemodel</ownerDesignName>
<pk>true</pk>
<indexState>Primary Constraint</indexState>
<isSurrogateKey>false</isSurrogateKey>
<indexColumnUsage>
<colUsage columnID="7F14FDC1-100B-3081-4CDE-832D6FC1B045"/>
</indexColumnUsage>
</ind_PK_UK>
</indexes>
</Table>
