<?xml version = '1.0' encoding = 'UTF-8'?>
<Table class="oracle.dbtools.crest.model.design.relational.Table" directorySegmentName="seg_0" id="FFBD2501-1A6F-F2AC-783A-629F64B317DD" name="BINTYPE">
<createdBy>prana</createdBy>
<createdTime>2023-05-03 03:25:34 UTC</createdTime>
<generatorID>06B96073-D278-4F86-10AF-F46B780ED2B7</generatorID>
<ownerDesignName>cui_orclemodel</ownerDesignName>
<allowColumnReorder>false</allowColumnReorder>
<existDependencyGenerateInDDl>true</existDependencyGenerateInDDl>
<parsed>true</parsed>
<columns itemClass="oracle.dbtools.crest.model.design.relational.Column">
<Column name="bin_size" id="71BECFC7-F46F-81EA-95DD-01522BD10BC0">
<createdBy>prana</createdBy>
<createdTime>2023-05-03 03:25:34 UTC</createdTime>
<commentInRDBMS><![CDATA[Bin size]]></commentInRDBMS>
<generatorID>BF86F000-A3C4-13A1-ED3D-C8C04627ACED</generatorID>
<ownerDesignName>cui_orclemodel</ownerDesignName>
<useDomainConstraints>false</useDomainConstraints>
<use>1</use>
<logicalDatatype>LOGDT019</logicalDatatype>
<dataTypePrecision>3</dataTypePrecision>
<ownDataTypeParameters>,3,</ownDataTypeParameters>
<autoIncrementCycle>false</autoIncrementCycle>
</Column>
<Column name="bin_standard_cost" id="644A4446-4457-E0EA-C071-5DDA6308DAEA">
<createdBy>prana</createdBy>
<createdTime>2023-05-03 03:25:34 UTC</createdTime>
<commentInRDBMS><![CDATA[Bin suplly standard cost]]></commentInRDBMS>
<generatorID>4CB7E2F2-3178-5758-7AC2-0462EDC19860</generatorID>
<ownerDesignName>cui_orclemodel</ownerDesignName>
<useDomainConstraints>false</useDomainConstraints>
<use>1</use>
<logicalDatatype>LOGDT019</logicalDatatype>
<dataTypePrecision>4</dataTypePrecision>
<ownDataTypeParameters>,4,</ownDataTypeParameters>
<autoIncrementCycle>false</autoIncrementCycle>
</Column>
<Column name="waste_type_id" id="637F1B37-03DB-0871-ECC0-68CD9C913530">
<createdBy>prana</createdBy>
<createdTime>2023-05-03 03:25:34 UTC</createdTime>
<commentInRDBMS><![CDATA[Waste type ID]]></commentInRDBMS>
<generatorID>DCA437F3-3F45-009B-7A9F-2769FFBD99E3</generatorID>
<ownerDesignName>cui_orclemodel</ownerDesignName>
<useDomainConstraints>false</useDomainConstraints>
<use>1</use>
<logicalDatatype>LOGDT019</logicalDatatype>
<dataTypePrecision>1</dataTypePrecision>
<ownDataTypeParameters>,,</ownDataTypeParameters>
<previousColumn>false</previousColumn>
<autoIncrementCycle>false</autoIncrementCycle>
<associations>
<colAssociation fkAssociation="4CAFA2B7-982D-A787-A18F-1C6A5471FC40" referredColumn="14295A7E-1F29-8D39-A25E-62F897B98816"/>
</associations>
</Column>
</columns>
<indexes itemClass="oracle.dbtools.crest.model.design.relational.Index">
<ind_PK_UK id="2792FC6B-FAC9-B97B-7487-DA107BC2747B" name="bt_size_PK">
<createdBy>prana</createdBy>
<createdTime>2023-05-03 03:25:34 UTC</createdTime>
<generatorID>0934D6C7-1BDB-9F95-5828-90E2DAEA3FA3</generatorID>
<ownerDesignName>cui_orclemodel</ownerDesignName>
<pk>true</pk>
<indexState>Primary Constraint</indexState>
<isSurrogateKey>false</isSurrogateKey>
<indexColumnUsage>
<colUsage columnID="637F1B37-03DB-0871-ECC0-68CD9C913530"/>
<colUsage columnID="71BECFC7-F46F-81EA-95DD-01522BD10BC0"/>
</indexColumnUsage>
</ind_PK_UK>
<ind_PK_UK id="EFF7759E-741B-F290-47F2-F37A2507A0B5" name="WASTETYPE_BINTYPE">
<createdBy>prana</createdBy>
<createdTime>2023-05-03 03:25:34 UTC</createdTime>
<generatorID>9DB808AE-3090-4644-A229-2EA78686D492</generatorID>
<ownerDesignName>cui_orclemodel</ownerDesignName>
<indexState>Foreign Key</indexState>
<isSurrogateKey>false</isSurrogateKey>
<indexColumnUsage>
<colUsage columnID="637F1B37-03DB-0871-ECC0-68CD9C913530"/>
</indexColumnUsage>
</ind_PK_UK>
</indexes>
</Table>
