<?xml version = '1.0' encoding = 'UTF-8'?>
<Entity class="oracle.dbtools.crest.model.design.logical.Entity" directorySegmentName="seg_0" id="1A4EF6DC-107B-685E-93DC-A0037FAD0166" name="CONBINTYPE">
<createdBy>pzqfranz</createdBy>
<createdTime>2023-05-01 03:40:17 UTC</createdTime>
<ownerDesignName>cui_oraclemodel</ownerDesignName>
<engineerTo>
<item key="C9F950A6-D10F-E536-8F13-EFEC390783A6" value="true"/>
</engineerTo>
<adequatelyNormalized>NO</adequatelyNormalized>
<expectedVolumes>0</expectedVolumes>
<fwdEngineeringStrategyName>Single Table</fwdEngineeringStrategyName>
<growthPercent>0</growthPercent>
<growthType>Year</growthType>
<maxVolumes>9999999</maxVolumes>
<minVolumes>0</minVolumes>
<normalForm>Third</normalForm>
<attributes itemClass="oracle.dbtools.crest.model.design.logical.Attribute">
<Attribute name="cbt_supplycost" id="E99E2BA1-BDD5-91A0-E736-EEEFE9A00D37">
<createdBy>pzqfranz</createdBy>
<createdTime>2023-05-01 03:41:01 UTC</createdTime>
<commentInRDBMS><![CDATA[supply cost of the bin type in the contract]]></commentInRDBMS>
<ownerDesignName>cui_oraclemodel</ownerDesignName>
<engineerTo>
<item key="C9F950A6-D10F-E536-8F13-EFEC390783A6" value="true"/>
</engineerTo>
<useDomainConstraints>false</useDomainConstraints>
<use>1</use>
<logicalDatatype>LOGDT019</logicalDatatype>
<dataTypePrecision>6</dataTypePrecision>
<dataTypeScale>2</dataTypeScale>
<ownDataTypeParameters>,6,2</ownDataTypeParameters>
</Attribute>
</attributes>
<identifiers itemClass="oracle.dbtools.crest.model.design.logical.CandidateKey">
<identifier id="805981E3-19E7-D880-F4F1-2EFBB4F599FD" name="CONBINTYPE PK">
<createdBy>pzqfranz</createdBy>
<createdTime>2023-05-02 04:01:36 UTC</createdTime>
<ownerDesignName>cui_oraclemodel</ownerDesignName>
<engineerTo>
<item key="C9F950A6-D10F-E536-8F13-EFEC390783A6" value="true"/>
</engineerTo>
<pk>true</pk>
<usedAttributes>
<attributeRef>E99E2BA1-BDD5-91A0-E736-EEEFE9A00D37</attributeRef>
</usedAttributes>
</identifier>
</identifiers>
</Entity>
