<?xml version = '1.0' encoding = 'UTF-8'?>
<Entity class="oracle.dbtools.crest.model.design.logical.Entity" directorySegmentName="seg_0" id="594B8053-DD8C-0C10-AB02-D7DBD4489810" name="CONTRACT">
<createdBy>pzqfranz</createdBy>
<createdTime>2023-05-01 03:37:07 UTC</createdTime>
<ownerDesignName>cui_oraclemodel</ownerDesignName>
<engineerTo>
<item key="C9F950A6-D10F-E536-8F13-EFEC390783A6" value="true"/>
</engineerTo>
<adequatelyNormalized>NO</adequatelyNormalized>
<expectedVolumes>0</expectedVolumes>
<fwdEngineeringStrategyName>Single Table</fwdEngineeringStrategyName>
<growthPercent>0</growthPercent>
<growthType>Year</growthType>
<maxVolumes>9999999</maxVolumes>
<minVolumes>0</minVolumes>
<normalForm>Third</normalForm>
<attributes itemClass="oracle.dbtools.crest.model.design.logical.Attribute">
<Attribute name="con_no" id="7D034BA5-4D07-39D2-BE38-20B22A638F64">
<createdBy>pzqfranz</createdBy>
<createdTime>2023-05-01 03:37:32 UTC</createdTime>
<commentInRDBMS><![CDATA[contract no]]></commentInRDBMS>
<ownerDesignName>cui_oraclemodel</ownerDesignName>
<engineerTo>
<item key="C9F950A6-D10F-E536-8F13-EFEC390783A6" value="true"/>
</engineerTo>
<useDomainConstraints>false</useDomainConstraints>
<use>1</use>
<logicalDatatype>LOGDT025</logicalDatatype>
<dataTypeSize>7</dataTypeSize>
<ownDataTypeParameters>7,,</ownDataTypeParameters>
</Attribute>
<Attribute name="con_start" id="A6FE8489-DFBA-6CB8-3289-9AF3908B1E8D">
<createdBy>pzqfranz</createdBy>
<createdTime>2023-05-01 03:38:34 UTC</createdTime>
<commentInRDBMS><![CDATA[contract start date]]></commentInRDBMS>
<ownerDesignName>cui_oraclemodel</ownerDesignName>
<engineerTo>
<item key="C9F950A6-D10F-E536-8F13-EFEC390783A6" value="true"/>
</engineerTo>
<useDomainConstraints>false</useDomainConstraints>
<use>1</use>
<ownDataTypeParameters>,,</ownDataTypeParameters>
</Attribute>
<Attribute name="con_end" id="BBBBFA3D-3D74-5DCB-496B-B56EA5DF4613">
<createdBy>pzqfranz</createdBy>
<createdTime>2023-05-01 03:39:16 UTC</createdTime>
<commentInRDBMS><![CDATA[contract end date]]></commentInRDBMS>
<ownerDesignName>cui_oraclemodel</ownerDesignName>
<engineerTo>
<item key="C9F950A6-D10F-E536-8F13-EFEC390783A6" value="true"/>
</engineerTo>
<useDomainConstraints>false</useDomainConstraints>
<use>1</use>
<logicalDatatype>LOGDT007</logicalDatatype>
<ownDataTypeParameters>,,</ownDataTypeParameters>
</Attribute>
</attributes>
<identifiers itemClass="oracle.dbtools.crest.model.design.logical.CandidateKey">
<identifier id="B27B8E21-315D-3ECD-AD42-66F3EDE44893" name="CONTRACT PK">
<createdBy>pzqfranz</createdBy>
<createdTime>2023-05-01 03:38:06 UTC</createdTime>
<ownerDesignName>cui_oraclemodel</ownerDesignName>
<engineerTo>
<item key="C9F950A6-D10F-E536-8F13-EFEC390783A6" value="true"/>
</engineerTo>
<pk>true</pk>
<usedAttributes>
<attributeRef>7D034BA5-4D07-39D2-BE38-20B22A638F64</attributeRef>
</usedAttributes>
</identifier>
</identifiers>
</Entity>
