<?xml version = '1.0' encoding = 'UTF-8'?>
<Entity class="oracle.dbtools.crest.model.design.logical.Entity" directorySegmentName="seg_0" id="5D66743D-79D0-6593-FB79-33E6060E841F" name="Street">
<createdBy>pzqfranz</createdBy>
<createdTime>2023-05-01 03:27:10 UTC</createdTime>
<ownerDesignName>cui_oraclemodel</ownerDesignName>
<engineerTo>
<item key="C9F950A6-D10F-E536-8F13-EFEC390783A6" value="true"/>
</engineerTo>
<adequatelyNormalized>NO</adequatelyNormalized>
<expectedVolumes>0</expectedVolumes>
<fwdEngineeringStrategyName>Single Table</fwdEngineeringStrategyName>
<growthPercent>0</growthPercent>
<growthType>Year</growthType>
<maxVolumes>9999999</maxVolumes>
<minVolumes>0</minVolumes>
<normalForm>Third</normalForm>
<attributes itemClass="oracle.dbtools.crest.model.design.logical.Attribute">
<Attribute name="auth_name" id="115414B9-F106-467B-E085-599A059C1A79">
<createdBy>pzqfranz</createdBy>
<createdTime>2023-05-02 04:25:50 UTC</createdTime>
<commentInRDBMS><![CDATA[suthority name
]]></commentInRDBMS>
<generatorID>40CBBC9B-B803-F28D-7E8B-E225EA2D20C2</generatorID>
<ownerDesignName>cui_oraclemodel</ownerDesignName>
<engineerTo>
<item key="C9F950A6-D10F-E536-8F13-EFEC390783A6" value="true"/>
</engineerTo>
<referedAttribute>CDCBCCF1-839C-39EB-D1A0-C8E66DAA9375</referedAttribute>
<useDomainConstraints>false</useDomainConstraints>
<use>1</use>
<logicalDatatype>LOGDT024</logicalDatatype>
<dataTypeSize>20</dataTypeSize>
<ownDataTypeParameters>,,</ownDataTypeParameters>
</Attribute>
<Attribute name="street_id" id="87844064-BE87-FEF0-4E4E-BBEB512D05D7">
<createdBy>pzqfranz</createdBy>
<createdTime>2023-05-01 03:28:39 UTC</createdTime>
<commentInRDBMS><![CDATA[street id]]></commentInRDBMS>
<ownerDesignName>cui_oraclemodel</ownerDesignName>
<engineerTo>
<item key="C9F950A6-D10F-E536-8F13-EFEC390783A6" value="true"/>
</engineerTo>
<useDomainConstraints>false</useDomainConstraints>
<use>1</use>
<logicalDatatype>LOGDT025</logicalDatatype>
<dataTypeSize>7</dataTypeSize>
<ownDataTypeParameters>7,,</ownDataTypeParameters>
</Attribute>
<Attribute name="street_name" id="2C3E5AE6-C54C-144D-53E2-F81FADE76602">
<createdBy>pzqfranz</createdBy>
<createdTime>2023-05-01 03:30:35 UTC</createdTime>
<commentInRDBMS><![CDATA[name of the street]]></commentInRDBMS>
<ownerDesignName>cui_oraclemodel</ownerDesignName>
<engineerTo>
<item key="C9F950A6-D10F-E536-8F13-EFEC390783A6" value="true"/>
</engineerTo>
<useDomainConstraints>false</useDomainConstraints>
<use>1</use>
<logicalDatatype>LOGDT024</logicalDatatype>
<dataTypeSize>20</dataTypeSize>
<ownDataTypeParameters>20,,</ownDataTypeParameters>
</Attribute>
<Attribute name="strrt_length" id="6A106E1B-6884-6AA6-9006-63C43AA8F87F">
<createdBy>pzqfranz</createdBy>
<createdTime>2023-05-01 03:31:29 UTC</createdTime>
<commentInRDBMS><![CDATA[the length of the street]]></commentInRDBMS>
<ownerDesignName>cui_oraclemodel</ownerDesignName>
<engineerTo>
<item key="C9F950A6-D10F-E536-8F13-EFEC390783A6" value="true"/>
</engineerTo>
<useDomainConstraints>false</useDomainConstraints>
<use>1</use>
<logicalDatatype>LOGDT019</logicalDatatype>
<dataTypePrecision>9</dataTypePrecision>
<dataTypeScale>2</dataTypeScale>
<ownDataTypeParameters>,9,2</ownDataTypeParameters>
</Attribute>
<Attribute name="street_surfacetype" id="1985C7F9-495A-6491-DE45-C4C5DEADF332">
<createdBy>pzqfranz</createdBy>
<createdTime>2023-05-01 03:32:36 UTC</createdTime>
<commentInRDBMS><![CDATA[surface type of the street]]></commentInRDBMS>
<ownerDesignName>cui_oraclemodel</ownerDesignName>
<engineerTo>
<item key="C9F950A6-D10F-E536-8F13-EFEC390783A6" value="true"/>
</engineerTo>
<useDomainConstraints>false</useDomainConstraints>
<use>1</use>
<logicalDatatype>LOGDT024</logicalDatatype>
<dataTypeSize>25</dataTypeSize>
<ownDataTypeParameters>25,,</ownDataTypeParameters>
</Attribute>
<Attribute name="street_lanemo" id="13118FA7-F03C-E0D0-847C-D0E02761456C">
<createdBy>pzqfranz</createdBy>
<createdTime>2023-05-01 03:33:50 UTC</createdTime>
<commentInRDBMS><![CDATA[lane number of the street]]></commentInRDBMS>
<ownerDesignName>cui_oraclemodel</ownerDesignName>
<engineerTo>
<item key="C9F950A6-D10F-E536-8F13-EFEC390783A6" value="true"/>
</engineerTo>
<useDomainConstraints>false</useDomainConstraints>
<use>1</use>
<logicalDatatype>LOGDT025</logicalDatatype>
<dataTypeSize>7</dataTypeSize>
<ownDataTypeParameters>7,,</ownDataTypeParameters>
</Attribute>
</attributes>
<identifiers itemClass="oracle.dbtools.crest.model.design.logical.CandidateKey">
<identifier id="5A6E5BDB-9689-3661-56CC-09967BFDA11D" name="Street PK">
<createdBy>pzqfranz</createdBy>
<createdTime>2023-05-01 03:29:43 UTC</createdTime>
<ownerDesignName>cui_oraclemodel</ownerDesignName>
<engineerTo>
<item key="C9F950A6-D10F-E536-8F13-EFEC390783A6" value="true"/>
</engineerTo>
<pk>true</pk>
<usedAttributes>
<attributeRef>87844064-BE87-FEF0-4E4E-BBEB512D05D7</attributeRef>
<attributeRef>115414B9-F106-467B-E085-599A059C1A79</attributeRef>
</usedAttributes>
</identifier>
</identifiers>
</Entity>
