<?xml version = '1.0' encoding = 'UTF-8'?>
<Entity class="oracle.dbtools.crest.model.design.logical.Entity" directorySegmentName="seg_0" id="6E56EEEE-FCBD-67DD-C168-77FC332EB4BE" name="OWNERPROP">
<createdBy>pzqfranz</createdBy>
<createdTime>2023-05-02 03:56:42 UTC</createdTime>
<ownerDesignName>cui_oraclemodel</ownerDesignName>
<engineerTo>
<item key="C9F950A6-D10F-E536-8F13-EFEC390783A6" value="true"/>
</engineerTo>
<adequatelyNormalized>NO</adequatelyNormalized>
<expectedVolumes>0</expectedVolumes>
<fwdEngineeringStrategyName>Single Table</fwdEngineeringStrategyName>
<growthPercent>0</growthPercent>
<growthType>Year</growthType>
<maxVolumes>9999999</maxVolumes>
<minVolumes>0</minVolumes>
<normalForm>Third</normalForm>
<attributes itemClass="oracle.dbtools.crest.model.design.logical.Attribute">
<Attribute name="owner-id" id="C559D1AA-C2EC-5899-56E2-086ADDD0C6EF">
<createdBy>pzqfranz</createdBy>
<createdTime>2023-05-02 03:57:24 UTC</createdTime>
<ownerDesignName>cui_oraclemodel</ownerDesignName>
<engineerTo>
<item key="C9F950A6-D10F-E536-8F13-EFEC390783A6" value="true"/>
</engineerTo>
<useDomainConstraints>false</useDomainConstraints>
<use>1</use>
<logicalDatatype>LOGDT024</logicalDatatype>
<ownDataTypeParameters>,,</ownDataTypeParameters>
</Attribute>
<Attribute name="owner_id" id="3C8C3777-2CE7-B22D-E4C4-755A5D4329A3">
<createdBy>pzqfranz</createdBy>
<createdTime>2023-05-02 04:16:40 UTC</createdTime>
<commentInRDBMS><![CDATA[owner id]]></commentInRDBMS>
<generatorID>E4DA37D7-0B11-9AFA-79F6-1E442AEA6A9A</generatorID>
<ownerDesignName>cui_oraclemodel</ownerDesignName>
<engineerTo>
<item key="C9F950A6-D10F-E536-8F13-EFEC390783A6" value="true"/>
</engineerTo>
<referedAttribute>16CA6BF4-753F-1F18-7991-E3A11EB837EA</referedAttribute>
<useDomainConstraints>false</useDomainConstraints>
<use>1</use>
<logicalDatatype>LOGDT025</logicalDatatype>
<dataTypeSize>5</dataTypeSize>
<ownDataTypeParameters>,,</ownDataTypeParameters>
</Attribute>
</attributes>
<identifiers itemClass="oracle.dbtools.crest.model.design.logical.CandidateKey">
<identifier id="85359440-8F09-8AC6-A7BB-054E306C8AB0" name="OWNERPROP PK">
<createdBy>pzqfranz</createdBy>
<createdTime>2023-05-02 03:59:03 UTC</createdTime>
<ownerDesignName>cui_oraclemodel</ownerDesignName>
<engineerTo>
<item key="C9F950A6-D10F-E536-8F13-EFEC390783A6" value="true"/>
</engineerTo>
<pk>true</pk>
<usedAttributes>
<attributeRef>C559D1AA-C2EC-5899-56E2-086ADDD0C6EF</attributeRef>
<attributeRef>3C8C3777-2CE7-B22D-E4C4-755A5D4329A3</attributeRef>
</usedAttributes>
</identifier>
</identifiers>
</Entity>
