<?xml version = '1.0' encoding = 'UTF-8'?>
<Entity class="oracle.dbtools.crest.model.design.logical.Entity" directorySegmentName="seg_0" id="A298E340-823B-8644-0230-F03D8D98D63F" name="PROPERTY">
<createdBy>pzqfranz</createdBy>
<createdTime>2023-05-01 03:35:18 UTC</createdTime>
<ownerDesignName>cui_oraclemodel</ownerDesignName>
<engineerTo>
<item key="C9F950A6-D10F-E536-8F13-EFEC390783A6" value="true"/>
</engineerTo>
<adequatelyNormalized>NO</adequatelyNormalized>
<expectedVolumes>0</expectedVolumes>
<fwdEngineeringStrategyName>Single Table</fwdEngineeringStrategyName>
<growthPercent>0</growthPercent>
<growthType>Year</growthType>
<maxVolumes>9999999</maxVolumes>
<minVolumes>0</minVolumes>
<normalForm>Third</normalForm>
<attributes itemClass="oracle.dbtools.crest.model.design.logical.Attribute">
<Attribute name="auth_name" id="9E5D6223-D96A-1A76-963C-4A80B6AE4686">
<createdBy>pzqfranz</createdBy>
<createdTime>2023-05-02 04:31:40 UTC</createdTime>
<commentInRDBMS><![CDATA[suthority name
]]></commentInRDBMS>
<generatorID>66452BE9-95BA-A117-A686-A818C40D9998</generatorID>
<ownerDesignName>cui_oraclemodel</ownerDesignName>
<engineerTo>
<item key="C9F950A6-D10F-E536-8F13-EFEC390783A6" value="true"/>
</engineerTo>
<referedAttribute>115414B9-F106-467B-E085-599A059C1A79</referedAttribute>
<useDomainConstraints>false</useDomainConstraints>
<use>1</use>
<logicalDatatype>LOGDT024</logicalDatatype>
<dataTypeSize>20</dataTypeSize>
<ownDataTypeParameters>,,</ownDataTypeParameters>
</Attribute>
<Attribute name="street_id" id="41A3AFCF-7984-56A5-322B-E26698FD265E">
<createdBy>pzqfranz</createdBy>
<createdTime>2023-05-02 04:31:40 UTC</createdTime>
<commentInRDBMS><![CDATA[street id]]></commentInRDBMS>
<generatorID>66452BE9-95BA-A117-A686-A818C40D9998</generatorID>
<ownerDesignName>cui_oraclemodel</ownerDesignName>
<engineerTo>
<item key="C9F950A6-D10F-E536-8F13-EFEC390783A6" value="true"/>
</engineerTo>
<referedAttribute>87844064-BE87-FEF0-4E4E-BBEB512D05D7</referedAttribute>
<useDomainConstraints>false</useDomainConstraints>
<use>1</use>
<logicalDatatype>LOGDT025</logicalDatatype>
<dataTypeSize>7</dataTypeSize>
<ownDataTypeParameters>,,</ownDataTypeParameters>
</Attribute>
<Attribute name="prop_streetno" id="83F3BC69-02D7-05C1-D032-744B78D9C2F9">
<createdBy>pzqfranz</createdBy>
<createdTime>2023-05-01 03:35:42 UTC</createdTime>
<commentInRDBMS><![CDATA[street number of the property]]></commentInRDBMS>
<ownerDesignName>cui_oraclemodel</ownerDesignName>
<engineerTo>
<item key="C9F950A6-D10F-E536-8F13-EFEC390783A6" value="true"/>
</engineerTo>
<useDomainConstraints>false</useDomainConstraints>
<use>1</use>
<logicalDatatype>LOGDT025</logicalDatatype>
<dataTypeSize>7</dataTypeSize>
<ownDataTypeParameters>7,,</ownDataTypeParameters>
</Attribute>
<Attribute name="owner-id" id="4409E749-7971-6C61-C64E-D3113B1724CE">
<createdBy>pzqfranz</createdBy>
<createdTime>2023-05-02 04:24:00 UTC</createdTime>
<generatorID>A7E31742-07B4-12D0-C4CD-C79042FA0EED</generatorID>
<ownerDesignName>cui_oraclemodel</ownerDesignName>
<engineerTo>
<item key="C9F950A6-D10F-E536-8F13-EFEC390783A6" value="true"/>
</engineerTo>
<referedAttribute>C559D1AA-C2EC-5899-56E2-086ADDD0C6EF</referedAttribute>
<useDomainConstraints>false</useDomainConstraints>
<use>1</use>
<logicalDatatype>LOGDT024</logicalDatatype>
<ownDataTypeParameters>,,</ownDataTypeParameters>
</Attribute>
<Attribute name="owner_id" id="843967CE-7A0E-6611-C1EB-EF73F686FFBC">
<createdBy>pzqfranz</createdBy>
<createdTime>2023-05-02 04:24:00 UTC</createdTime>
<commentInRDBMS><![CDATA[owner id]]></commentInRDBMS>
<generatorID>A7E31742-07B4-12D0-C4CD-C79042FA0EED</generatorID>
<ownerDesignName>cui_oraclemodel</ownerDesignName>
<engineerTo>
<item key="C9F950A6-D10F-E536-8F13-EFEC390783A6" value="true"/>
</engineerTo>
<referedAttribute>3C8C3777-2CE7-B22D-E4C4-755A5D4329A3</referedAttribute>
<useDomainConstraints>false</useDomainConstraints>
<use>1</use>
<logicalDatatype>LOGDT025</logicalDatatype>
<dataTypeSize>5</dataTypeSize>
<ownDataTypeParameters>,,</ownDataTypeParameters>
</Attribute>
</attributes>
<identifiers itemClass="oracle.dbtools.crest.model.design.logical.CandidateKey">
<identifier id="322F1590-A728-2256-F709-3641E15C3EEE" name="PROPERTY PK">
<createdBy>pzqfranz</createdBy>
<createdTime>2023-05-01 03:36:22 UTC</createdTime>
<ownerDesignName>cui_oraclemodel</ownerDesignName>
<engineerTo>
<item key="C9F950A6-D10F-E536-8F13-EFEC390783A6" value="true"/>
</engineerTo>
<pk>true</pk>
<usedAttributes>
<attributeRef>83F3BC69-02D7-05C1-D032-744B78D9C2F9</attributeRef>
<attributeRef>4409E749-7971-6C61-C64E-D3113B1724CE</attributeRef>
<attributeRef>843967CE-7A0E-6611-C1EB-EF73F686FFBC</attributeRef>
<attributeRef>41A3AFCF-7984-56A5-322B-E26698FD265E</attributeRef>
<attributeRef>9E5D6223-D96A-1A76-963C-4A80B6AE4686</attributeRef>
</usedAttributes>
</identifier>
</identifiers>
</Entity>
