<?xml version = '1.0' encoding = 'UTF-8'?>
<Entity class="oracle.dbtools.crest.model.design.logical.Entity" directorySegmentName="seg_0" id="B4E70E92-6064-35D5-85CD-258C288BF90C" name="Entity_18">
<createdBy>pzqfranz</createdBy>
<createdTime>2023-05-01 03:47:00 UTC</createdTime>
<ownerDesignName>cui_oraclemodel</ownerDesignName>
<engineerTo>
<item key="C9F950A6-D10F-E536-8F13-EFEC390783A6" value="true"/>
</engineerTo>
<adequatelyNormalized>NO</adequatelyNormalized>
<expectedVolumes>0</expectedVolumes>
<fwdEngineeringStrategyName>Single Table</fwdEngineeringStrategyName>
<growthPercent>0</growthPercent>
<growthType>Year</growthType>
<maxVolumes>9999999</maxVolumes>
<minVolumes>0</minVolumes>
<normalForm>Third</normalForm>
<attributes itemClass="oracle.dbtools.crest.model.design.logical.Attribute">
<Attribute name="bin_rfid" id="2D44D777-37A1-78DB-2146-F1C760F695D9">
<createdBy>pzqfranz</createdBy>
<createdTime>2023-05-01 03:47:09 UTC</createdTime>
<commentInRDBMS><![CDATA[bin rfid]]></commentInRDBMS>
<ownerDesignName>cui_oraclemodel</ownerDesignName>
<engineerTo>
<item key="C9F950A6-D10F-E536-8F13-EFEC390783A6" value="true"/>
</engineerTo>
<useDomainConstraints>false</useDomainConstraints>
<use>1</use>
<logicalDatatype>LOGDT025</logicalDatatype>
<dataTypeSize>10</dataTypeSize>
<ownDataTypeParameters>10,,</ownDataTypeParameters>
</Attribute>
<Attribute name="bin_supplydate" id="2BBA4A1B-B90D-C39E-C428-14E066772E85">
<createdBy>pzqfranz</createdBy>
<createdTime>2023-05-01 03:48:27 UTC</createdTime>
<commentInRDBMS><![CDATA[bin supply date]]></commentInRDBMS>
<ownerDesignName>cui_oraclemodel</ownerDesignName>
<engineerTo>
<item key="C9F950A6-D10F-E536-8F13-EFEC390783A6" value="true"/>
</engineerTo>
<nullsAllowed>true</nullsAllowed>
<useDomainConstraints>false</useDomainConstraints>
<use>1</use>
<logicalDatatype>LOGDT007</logicalDatatype>
<ownDataTypeParameters>,,</ownDataTypeParameters>
</Attribute>
<Attribute name="bin_replacereason" id="E8D4643C-C7C9-4AA1-519E-8294C5924E57">
<createdBy>pzqfranz</createdBy>
<createdTime>2023-05-01 03:49:23 UTC</createdTime>
<commentInRDBMS><![CDATA[replacement reson of the bin]]></commentInRDBMS>
<ownerDesignName>cui_oraclemodel</ownerDesignName>
<engineerTo>
<item key="C9F950A6-D10F-E536-8F13-EFEC390783A6" value="true"/>
</engineerTo>
<nullsAllowed>true</nullsAllowed>
<useDomainConstraints>false</useDomainConstraints>
<use>1</use>
<logicalDatatype>LOGDT024</logicalDatatype>
<dataTypeSize>20</dataTypeSize>
<ownDataTypeParameters>20,,</ownDataTypeParameters>
</Attribute>
</attributes>
<identifiers itemClass="oracle.dbtools.crest.model.design.logical.CandidateKey">
<identifier id="6803C635-9B8C-5944-F597-DDC9E91E3D34" name="Entity_18 PK">
<createdBy>pzqfranz</createdBy>
<createdTime>2023-05-01 03:47:57 UTC</createdTime>
<ownerDesignName>cui_oraclemodel</ownerDesignName>
<engineerTo>
<item key="C9F950A6-D10F-E536-8F13-EFEC390783A6" value="true"/>
</engineerTo>
<pk>true</pk>
<usedAttributes>
<attributeRef>2D44D777-37A1-78DB-2146-F1C760F695D9</attributeRef>
</usedAttributes>
</identifier>
</identifiers>
</Entity>
