<?xml version = '1.0' encoding = 'UTF-8'?>
<Relation class="oracle.dbtools.crest.model.design.logical.Relation" name="AUTH_TRUCK_COLLECTION" directorySegmentName="seg_0" id="0E62180C-74FF-663B-4437-191A0C5D0D02">
<createdBy>keziaamandasukardi</createdBy>
<createdTime>2023-05-02 11:31:33 UTC</createdTime>
<ownerDesignName>cui_orclemodel</ownerDesignName>
<engineerTo>
<item key="C9F950A6-D10F-E536-8F13-EFEC390783A6" value="true"/>
</engineerTo>
<sourcePk>C1FA15F1-5A83-88A6-3E6C-C1AD5F631958</sourcePk>
<identifying>false</identifying>
<nameOnSource>collects</nameOnSource>
<nameOnTarget> </nameOnTarget>
<optionalSource>true</optionalSource>
<optionalTarget>false</optionalTarget>
<sourceCardinality>1</sourceCardinality>
<sourceEntity>831FCFE3-7890-4A25-0211-F3EB823A1D90</sourceEntity>
<targetCardinalityString>*</targetCardinalityString>
<targetEntity>75EE6D26-7308-5505-023E-D5138566A23C</targetEntity>
<transferable>true</transferable>
<deleteRule>NO ACTION</deleteRule>
</Relation>
