<?xml version = '1.0' encoding = 'UTF-8'?>
<Relation class="oracle.dbtools.crest.model.design.logical.Relation" name="AUTHORITY_CONTRACT" directorySegmentName="seg_0" id="1B069402-0920-59AF-6AC8-ACCD00A5E2BC">
<createdBy>prana</createdBy>
<createdTime>2023-05-03 03:20:59 UTC</createdTime>
<ownerDesignName>cui_orclemodel</ownerDesignName>
<engineerTo>
<item key="B525CEB7-FE5E-E47B-173C-64A11BEF998C" value="true"/>
</engineerTo>
<sourcePk>4C1ACCB5-E363-D013-C333-2738379E2515</sourcePk>
<identifying>false</identifying>
<nameOnSource>makes</nameOnSource>
<nameOnTarget> </nameOnTarget>
<optionalSource>true</optionalSource>
<optionalTarget>false</optionalTarget>
<sourceCardinality>1</sourceCardinality>
<sourceEntity>FCE762FA-7406-ACD8-DD6E-DCD94712F297</sourceEntity>
<targetCardinalityString>*</targetCardinalityString>
<targetEntity>4A478C7A-C3A0-EDCF-D5D6-62D5E3C88E07</targetEntity>
<transferable>true</transferable>
<deleteRule>NO ACTION</deleteRule>
</Relation>
