<?xml version = '1.0' encoding = 'UTF-8'?>
<Relation class="oracle.dbtools.crest.model.design.logical.Relation" name="CONTRACT_BIN_TYPE" directorySegmentName="seg_0" id="2384A2B5-DB14-70BE-37AC-92B967899E1B">
<createdBy>prana</createdBy>
<createdTime>2023-05-03 03:22:23 UTC</createdTime>
<ownerDesignName>cui_orclemodel</ownerDesignName>
<engineerTo>
<item key="B525CEB7-FE5E-E47B-173C-64A11BEF998C" value="true"/>
</engineerTo>
<sourcePk>F925102F-1F06-0204-189A-8CE105C1BE79</sourcePk>
<identifying>true</identifying>
<nameOnSource>mentions</nameOnSource>
<nameOnTarget> </nameOnTarget>
<optionalSource>true</optionalSource>
<optionalTarget>false</optionalTarget>
<sourceCardinality>1</sourceCardinality>
<sourceEntity>4A478C7A-C3A0-EDCF-D5D6-62D5E3C88E07</sourceEntity>
<targetCardinalityString>*</targetCardinalityString>
<targetEntity>1A4EF6DC-107B-685E-93DC-A0037FAD0166</targetEntity>
<transferable>true</transferable>
<deleteRule>NO ACTION</deleteRule>
</Relation>
