<?xml version = '1.0' encoding = 'UTF-8'?>
<Relation class="oracle.dbtools.crest.model.design.logical.Relation" name="AUTHORITY_STREET" directorySegmentName="seg_0" id="40CBBC9B-B803-F28D-7E8B-E225EA2D20C2">
<createdBy>pzqfranz</createdBy>
<createdTime>2023-05-02 04:25:50 UTC</createdTime>
<ownerDesignName>cui_orclemodel</ownerDesignName>
<engineerTo>
<item key="C9F950A6-D10F-E536-8F13-EFEC390783A6" value="true"/>
</engineerTo>
<sourcePk>4C1ACCB5-E363-D013-C333-2738379E2515</sourcePk>
<identifying>true</identifying>
<nameOnSource>responded for</nameOnSource>
<nameOnTarget> </nameOnTarget>
<optionalSource>true</optionalSource>
<optionalTarget>false</optionalTarget>
<sourceCardinality>1</sourceCardinality>
<sourceEntity>FCE762FA-7406-ACD8-DD6E-DCD94712F297</sourceEntity>
<targetCardinalityString>*</targetCardinalityString>
<targetEntity>5D66743D-79D0-6593-FB79-33E6060E841F</targetEntity>
<transferable>true</transferable>
<deleteRule>NO ACTION</deleteRule>
</Relation>
