<?xml version = '1.0' encoding = 'UTF-8'?>
<Relation class="oracle.dbtools.crest.model.design.logical.Relation" name="Relation_18" directorySegmentName="seg_0" id="417B0C70-5622-DB54-A698-E7E6A42FA3C1">
<createdBy>pzqfranz</createdBy>
<createdTime>2023-05-02 06:25:55 UTC</createdTime>
<ownerDesignName>cui_orclemodel</ownerDesignName>
<engineerTo>
<item key="C9F950A6-D10F-E536-8F13-EFEC390783A6" value="true"/>
</engineerTo>
<sourcePk>322F1590-A728-2256-F709-3641E15C3EEE</sourcePk>
<identifying>false</identifying>
<nameOnSource>applies</nameOnSource>
<nameOnTarget> </nameOnTarget>
<optionalSource>true</optionalSource>
<optionalTarget>false</optionalTarget>
<sourceCardinality>1</sourceCardinality>
<sourceEntity>A298E340-823B-8644-0230-F03D8D98D63F</sourceEntity>
<targetCardinalityString>*</targetCardinalityString>
<targetEntity>B4E70E92-6064-35D5-85CD-258C288BF90C</targetEntity>
<transferable>true</transferable>
<deleteRule>NO ACTION</deleteRule>
</Relation>
