<?xml version = '1.0' encoding = 'UTF-8'?>
<Relation class="oracle.dbtools.crest.model.design.logical.Relation" name="BINTYPE_CONBINTYPE" directorySegmentName="seg_0" id="4C97C0EC-2337-AE59-4165-68DBDC42478A">
<createdBy>pzqfranz</createdBy>
<createdTime>2023-05-02 05:41:35 UTC</createdTime>
<ownerDesignName>cui_orclemodel</ownerDesignName>
<engineerTo>
<item key="C9F950A6-D10F-E536-8F13-EFEC390783A6" value="true"/>
</engineerTo>
<sourcePk>0934D6C7-1BDB-9F95-5828-90E2DAEA3FA3</sourcePk>
<identifying>true</identifying>
<nameOnSource>included</nameOnSource>
<nameOnTarget> </nameOnTarget>
<optionalSource>true</optionalSource>
<optionalTarget>false</optionalTarget>
<sourceCardinality>1</sourceCardinality>
<sourceEntity>06B96073-D278-4F86-10AF-F46B780ED2B7</sourceEntity>
<targetCardinalityString>*</targetCardinalityString>
<targetEntity>1A4EF6DC-107B-685E-93DC-A0037FAD0166</targetEntity>
<transferable>true</transferable>
<deleteRule>NO ACTION</deleteRule>
</Relation>
