<?xml version = '1.0' encoding = 'UTF-8'?>
<Relation class="oracle.dbtools.crest.model.design.logical.Relation" name="TRUCK_AUTH_TRUCK" directorySegmentName="seg_0" id="652FC29E-DE45-30A1-5C9E-757CE3387BF2">
<createdBy>keziaamandasukardi</createdBy>
<createdTime>2023-05-02 11:30:40 UTC</createdTime>
<ownerDesignName>cui_orclemodel</ownerDesignName>
<engineerTo>
<item key="C9F950A6-D10F-E536-8F13-EFEC390783A6" value="true"/>
</engineerTo>
<sourcePk>9A3AC023-A89D-4826-9A07-DF4B4BEBF63F</sourcePk>
<identifying>true</identifying>
<nameOnSource>drives</nameOnSource>
<nameOnTarget> </nameOnTarget>
<optionalSource>true</optionalSource>
<optionalTarget>false</optionalTarget>
<sourceCardinality>1</sourceCardinality>
<sourceEntity>786478CA-5A3C-809B-F2EC-712F829BFE74</sourceEntity>
<targetCardinalityString>*</targetCardinalityString>
<targetEntity>831FCFE3-7890-4A25-0211-F3EB823A1D90</targetEntity>
<transferable>true</transferable>
<deleteRule>NO ACTION</deleteRule>
</Relation>
