<?xml version = '1.0' encoding = 'UTF-8'?>
<Relation class="oracle.dbtools.crest.model.design.logical.Relation" name="STREET_PROPERTY" directorySegmentName="seg_0" id="66452BE9-95BA-A117-A686-A818C40D9998">
<createdBy>pzqfranz</createdBy>
<createdTime>2023-05-02 04:30:30 UTC</createdTime>
<ownerDesignName>cui_orclemodel</ownerDesignName>
<engineerTo>
<item key="C9F950A6-D10F-E536-8F13-EFEC390783A6" value="true"/>
</engineerTo>
<sourcePk>5A6E5BDB-9689-3661-56CC-09967BFDA11D</sourcePk>
<targetPk>322F1590-A728-2256-F709-3641E15C3EEE</targetPk>
<identifying>true</identifying>
<nameOnSource>located on</nameOnSource>
<nameOnTarget> </nameOnTarget>
<optionalSource>true</optionalSource>
<optionalTarget>false</optionalTarget>
<sourceCardinality>1</sourceCardinality>
<sourceEntity>5D66743D-79D0-6593-FB79-33E6060E841F</sourceEntity>
<targetCardinalityString>*</targetCardinalityString>
<targetEntity>A298E340-823B-8644-0230-F03D8D98D63F</targetEntity>
<transferable>true</transferable>
<deleteRule>NO ACTION</deleteRule>
</Relation>
