<?xml version = '1.0' encoding = 'UTF-8'?>
<Relation class="oracle.dbtools.crest.model.design.logical.Relation" name="CONTRACT_WASTE_TYPE" directorySegmentName="seg_0" id="746C4FD3-D66C-F20F-2924-36BDFAE23283">
<createdBy>prana</createdBy>
<createdTime>2023-05-03 03:21:45 UTC</createdTime>
<ownerDesignName>cui_orclemodel</ownerDesignName>
<engineerTo>
<item key="B525CEB7-FE5E-E47B-173C-64A11BEF998C" value="true"/>
</engineerTo>
<sourcePk>F925102F-1F06-0204-189A-8CE105C1BE79</sourcePk>
<identifying>true</identifying>
<nameOnSource>has</nameOnSource>
<nameOnTarget> </nameOnTarget>
<optionalSource>true</optionalSource>
<optionalTarget>false</optionalTarget>
<sourceCardinality>1</sourceCardinality>
<sourceEntity>4A478C7A-C3A0-EDCF-D5D6-62D5E3C88E07</sourceEntity>
<targetCardinalityString>*</targetCardinalityString>
<targetEntity>6D4BE350-2509-1A76-3D15-4337B8CB04D3</targetEntity>
<transferable>true</transferable>
<deleteRule>NO ACTION</deleteRule>
</Relation>
