<?xml version = '1.0' encoding = 'UTF-8'?>
<Relation class="oracle.dbtools.crest.model.design.logical.Relation" name="BIN_MADE_COLLECTION" directorySegmentName="seg_0" id="79A483EA-F946-4782-DB7B-BA8EA719AD46">
<createdBy>keziaamandasukardi</createdBy>
<createdTime>2023-05-02 11:35:39 UTC</createdTime>
<ownerDesignName>cui_orclemodel</ownerDesignName>
<engineerTo>
<item key="C9F950A6-D10F-E536-8F13-EFEC390783A6" value="true"/>
</engineerTo>
<sourcePk>6803C635-9B8C-5944-F597-DDC9E91E3D34</sourcePk>
<identifying>true</identifying>
<nameOnSource>collects</nameOnSource>
<nameOnTarget> </nameOnTarget>
<optionalSource>true</optionalSource>
<optionalTarget>false</optionalTarget>
<sourceCardinality>1</sourceCardinality>
<sourceEntity>B4E70E92-6064-35D5-85CD-258C288BF90C</sourceEntity>
<targetCardinalityString>*</targetCardinalityString>
<targetEntity>BB135B4D-B0ED-5658-6991-7E6698B0F5B3</targetEntity>
<transferable>true</transferable>
<deleteRule>NO ACTION</deleteRule>
</Relation>
