<?xml version = '1.0' encoding = 'UTF-8'?>
<Relation class="oracle.dbtools.crest.model.design.logical.Relation" name="COLLECTION_MADE_COLLECTION" directorySegmentName="seg_0" id="7FFE1617-2129-5A8D-C603-896087763167">
<createdBy>keziaamandasukardi</createdBy>
<createdTime>2023-05-02 11:36:04 UTC</createdTime>
<ownerDesignName>cui_orclemodel</ownerDesignName>
<engineerTo>
<item key="B525CEB7-FE5E-E47B-173C-64A11BEF998C" value="true"/>
</engineerTo>
<sourcePk>F940AFE3-EE5E-E1EE-9631-D32CF00C1F10</sourcePk>
<identifying>true</identifying>
<nameOnSource>makes</nameOnSource>
<nameOnTarget> </nameOnTarget>
<optionalSource>true</optionalSource>
<optionalTarget>false</optionalTarget>
<sourceCardinality>1</sourceCardinality>
<sourceEntity>75EE6D26-7308-5505-023E-D5138566A23C</sourceEntity>
<targetCardinalityString>*</targetCardinalityString>
<targetEntity>BB135B4D-B0ED-5658-6991-7E6698B0F5B3</targetEntity>
<transferable>true</transferable>
<deleteRule>NO ACTION</deleteRule>
</Relation>
