<?xml version = '1.0' encoding = 'UTF-8'?>
<Relation class="oracle.dbtools.crest.model.design.logical.Relation" name="BINTYPE_BIN" directorySegmentName="seg_0" id="8A309DD7-D36E-0D9B-BE5E-0F9EC1B446CE">
<createdBy>prana</createdBy>
<createdTime>2023-05-02 10:46:50 UTC</createdTime>
<ownerDesignName>cui_orclemodel</ownerDesignName>
<engineerTo>
<item key="C9F950A6-D10F-E536-8F13-EFEC390783A6" value="true"/>
</engineerTo>
<sourcePk>0934D6C7-1BDB-9F95-5828-90E2DAEA3FA3</sourcePk>
<identifying>false</identifying>
<nameOnSource> </nameOnSource>
<nameOnTarget>has</nameOnTarget>
<optionalSource>true</optionalSource>
<optionalTarget>false</optionalTarget>
<sourceCardinality>1</sourceCardinality>
<sourceEntity>06B96073-D278-4F86-10AF-F46B780ED2B7</sourceEntity>
<targetCardinalityString>*</targetCardinalityString>
<targetEntity>B4E70E92-6064-35D5-85CD-258C288BF90C</targetEntity>
<transferable>true</transferable>
<deleteRule>NO ACTION</deleteRule>
</Relation>
