<?xml version = '1.0' encoding = 'UTF-8'?>
<Relation class="oracle.dbtools.crest.model.design.logical.Relation" name="WASTETYPE_BINTYPE" directorySegmentName="seg_0" id="9DB808AE-3090-4644-A229-2EA78686D492">
<createdBy>pzqfranz</createdBy>
<createdTime>2023-05-02 05:45:17 UTC</createdTime>
<ownerDesignName>cui_orclemodel</ownerDesignName>
<engineerTo>
<item key="C9F950A6-D10F-E536-8F13-EFEC390783A6" value="true"/>
</engineerTo>
<sourcePk>3F1FB24A-322D-766F-45B5-4B06A40A7E85</sourcePk>
<identifying>true</identifying>
<nameOnSource>has</nameOnSource>
<nameOnTarget> </nameOnTarget>
<optionalSource>true</optionalSource>
<optionalTarget>false</optionalTarget>
<sourceCardinality>1</sourceCardinality>
<sourceEntity>A3902C44-2F25-410C-A2B7-059CC3ADDBBE</sourceEntity>
<targetCardinalityString>*</targetCardinalityString>
<targetEntity>06B96073-D278-4F86-10AF-F46B780ED2B7</targetEntity>
<transferable>true</transferable>
<deleteRule>NO ACTION</deleteRule>
</Relation>
