<?xml version = '1.0' encoding = 'UTF-8'?>
<Relation class="oracle.dbtools.crest.model.design.logical.Relation" name="WASTE_TYPE_CONTRACT" directorySegmentName="seg_0" id="A77DACC4-D617-47AE-F1C1-CCE878176594">
<createdBy>prana</createdBy>
<createdTime>2023-05-02 11:10:43 UTC</createdTime>
<ownerDesignName>cui_orclemodel</ownerDesignName>
<engineerTo>
<item key="B525CEB7-FE5E-E47B-173C-64A11BEF998C" value="true"/>
</engineerTo>
<sourcePk>3F1FB24A-322D-766F-45B5-4B06A40A7E85</sourcePk>
<identifying>true</identifying>
<nameOnSource>covers</nameOnSource>
<nameOnTarget> </nameOnTarget>
<optionalSource>true</optionalSource>
<optionalTarget>false</optionalTarget>
<sourceCardinality>1</sourceCardinality>
<sourceEntity>A3902C44-2F25-410C-A2B7-059CC3ADDBBE</sourceEntity>
<targetCardinalityString>*</targetCardinalityString>
<targetEntity>6D4BE350-2509-1A76-3D15-4337B8CB04D3</targetEntity>
<transferable>true</transferable>
<deleteRule>NO ACTION</deleteRule>
</Relation>
