<?xml version = '1.0' encoding = 'UTF-8'?>
<Relation class="oracle.dbtools.crest.model.design.logical.Relation" name="ONWERPROP_PROPERTY" directorySegmentName="seg_0" id="A7E31742-07B4-12D0-C4CD-C79042FA0EED">
<createdBy>pzqfranz</createdBy>
<createdTime>2023-05-02 04:24:00 UTC</createdTime>
<ownerDesignName>cui_orclemodel</ownerDesignName>
<engineerTo>
<item key="C9F950A6-D10F-E536-8F13-EFEC390783A6" value="true"/>
</engineerTo>
<sourcePk>85359440-8F09-8AC6-A7BB-054E306C8AB0</sourcePk>
<targetPk>322F1590-A728-2256-F709-3641E15C3EEE</targetPk>
<identifying>false</identifying>
<nameOnSource>owned by</nameOnSource>
<nameOnTarget> </nameOnTarget>
<optionalSource>false</optionalSource>
<optionalTarget>false</optionalTarget>
<sourceCardinality>*</sourceCardinality>
<sourceEntity>6E56EEEE-FCBD-67DD-C168-77FC332EB4BE</sourceEntity>
<targetCardinalityString>1</targetCardinalityString>
<targetEntity>A298E340-823B-8644-0230-F03D8D98D63F</targetEntity>
<transferable>true</transferable>
<deleteRule>NO ACTION</deleteRule>
</Relation>
