<?xml version = '1.0' encoding = 'UTF-8'?>
<Relation class="oracle.dbtools.crest.model.design.logical.Relation" name="CONTRACT_BIN" directorySegmentName="seg_0" id="C440AF7A-5CED-0151-F9B9-E915DB71FC46">
<createdBy>prana</createdBy>
<createdTime>2023-05-03 03:23:19 UTC</createdTime>
<ownerDesignName>cui_orclemodel</ownerDesignName>
<engineerTo>
<item key="B525CEB7-FE5E-E47B-173C-64A11BEF998C" value="true"/>
</engineerTo>
<sourcePk>F925102F-1F06-0204-189A-8CE105C1BE79</sourcePk>
<identifying>false</identifying>
<nameOnSource>has</nameOnSource>
<nameOnTarget> </nameOnTarget>
<optionalSource>true</optionalSource>
<optionalTarget>false</optionalTarget>
<sourceCardinality>1</sourceCardinality>
<sourceEntity>4A478C7A-C3A0-EDCF-D5D6-62D5E3C88E07</sourceEntity>
<targetCardinalityString>*</targetCardinalityString>
<targetEntity>B4E70E92-6064-35D5-85CD-258C288BF90C</targetEntity>
<transferable>true</transferable>
<deleteRule>NO ACTION</deleteRule>
</Relation>
