<?xml version = '1.0' encoding = 'UTF-8'?>
<Relation class="oracle.dbtools.crest.model.design.logical.Relation" name="CONTRACT_WASTE_TYPE_COLLECTION" directorySegmentName="seg_0" id="D920E47B-6F0F-DB5B-6ADF-3D7D98A482B6">
<createdBy>keziaamandasukardi</createdBy>
<createdTime>2023-05-02 11:32:53 UTC</createdTime>
<ownerDesignName>cui_orclemodel</ownerDesignName>
<engineerTo>
<item key="B525CEB7-FE5E-E47B-173C-64A11BEF998C" value="true"/>
</engineerTo>
<sourcePk>AD400E76-0DF1-70AF-9AE0-C699D387BAD7</sourcePk>
<identifying>true</identifying>
<nameOnSource>gets</nameOnSource>
<nameOnTarget> </nameOnTarget>
<optionalSource>true</optionalSource>
<optionalTarget>false</optionalTarget>
<sourceCardinality>1</sourceCardinality>
<sourceEntity>6D4BE350-2509-1A76-3D15-4337B8CB04D3</sourceEntity>
<targetCardinalityString>*</targetCardinalityString>
<targetEntity>75EE6D26-7308-5505-023E-D5138566A23C</targetEntity>
<transferable>true</transferable>
<deleteRule>NO ACTION</deleteRule>
</Relation>
