<?xml version = '1.0' encoding = 'UTF-8'?>
<Relation class="oracle.dbtools.crest.model.design.logical.Relation" name="DRIVER_AUTH_TRUCK" directorySegmentName="seg_0" id="DC3D7F24-B554-DD82-CC30-47606D2E9418">
<createdBy>keziaamandasukardi</createdBy>
<createdTime>2023-05-02 11:32:30 UTC</createdTime>
<ownerDesignName>cui_orclemodel</ownerDesignName>
<engineerTo>
<item key="C9F950A6-D10F-E536-8F13-EFEC390783A6" value="true"/>
</engineerTo>
<sourcePk>4F6AC1C3-274C-6BB7-6082-952D49D14366</sourcePk>
<identifying>true</identifying>
<nameOnSource>drives</nameOnSource>
<nameOnTarget> </nameOnTarget>
<optionalSource>true</optionalSource>
<optionalTarget>false</optionalTarget>
<sourceCardinality>1</sourceCardinality>
<sourceEntity>102E1617-A151-6228-1BA1-8C01C6C4E2A7</sourceEntity>
<targetCardinalityString>*</targetCardinalityString>
<targetEntity>831FCFE3-7890-4A25-0211-F3EB823A1D90</targetEntity>
<transferable>true</transferable>
<deleteRule>NO ACTION</deleteRule>
</Relation>
