<?xml version = '1.0' encoding = 'UTF-8'?>
<FKIndexAssociation class="oracle.dbtools.crest.model.design.relational.FKIndexAssociation" directorySegmentName="seg_0" id="1081E5FC-4368-439A-DDDE-899CDAEADE3E" containerWithKeyObject="4208EF4B-5B4C-3D2E-17A9-C3FB32F6C3A3" localFKIndex="2A39F1AC-2FD5-50A8-E387-5D7C9F9929E9" name="BINTYPE_CONBINTYPE">
<createdBy>prana</createdBy>
<createdTime>2023-05-03 03:25:34 UTC</createdTime>
<generatorID>4C97C0EC-2337-AE59-4165-68DBDC42478A</generatorID>
<ownerDesignName>cui_orclemodel</ownerDesignName>
<referredTableLongName>BINTYPE</referredTableLongName>
<deleteRule>NO ACTION</deleteRule>
<referredTableID>FFBD2501-1A6F-F2AC-783A-629F64B317DD</referredTableID>
<keyObject>2792FC6B-FAC9-B97B-7487-DA107BC2747B</keyObject>
<referredKeyID>2792FC6B-FAC9-B97B-7487-DA107BC2747B</referredKeyID>
<mandatory>true</mandatory>
<refColNames>waste_type_id,bin_size</refColNames>
<transferable>true</transferable>
<rely>false</rely>
<columnDependencyConstraintGenerateInDDL>true</columnDependencyConstraintGenerateInDDL>
</FKIndexAssociation>
