<?xml version = '1.0' encoding = 'UTF-8'?>
<FKIndexAssociation class="oracle.dbtools.crest.model.design.relational.FKIndexAssociation" directorySegmentName="seg_0" id="16D440FB-97FE-AC92-36DD-5B5DD2E5759A" containerWithKeyObject="C1C0BB5E-7CF2-41B6-3F27-4E47283B2281" localFKIndex="76947A84-9229-736C-D0AC-437CD2CDB097" name="AUTH_TRUCK_COLLECTION">
<createdBy>prana</createdBy>
<createdTime>2023-05-03 03:25:34 UTC</createdTime>
<generatorID>0E62180C-74FF-663B-4437-191A0C5D0D02</generatorID>
<ownerDesignName>cui_orclemodel</ownerDesignName>
<referredTableLongName>AUTH_TRUCK</referredTableLongName>
<deleteRule>NO ACTION</deleteRule>
<referredTableID>26E0AF60-0C5A-77EB-48AA-6DCDD65D8141</referredTableID>
<keyObject>6FBBF0A9-2E30-FDD6-B5DC-844A7023248E</keyObject>
<referredKeyID>6FBBF0A9-2E30-FDD6-B5DC-844A7023248E</referredKeyID>
<mandatory>true</mandatory>
<refColNames>truck_vin,driver_num</refColNames>
<transferable>true</transferable>
<rely>false</rely>
<columnDependencyConstraintGenerateInDDL>true</columnDependencyConstraintGenerateInDDL>
</FKIndexAssociation>
