<?xml version = '1.0' encoding = 'UTF-8'?>
<FKIndexAssociation class="oracle.dbtools.crest.model.design.relational.FKIndexAssociation" directorySegmentName="seg_0" id="26499EC2-062D-8CEF-9FD9-B5715F73EC6D" containerWithKeyObject="ACF0FDA9-C786-8A91-E91D-2E67E8CC4508" localFKIndex="2234365A-0D65-0080-AFAA-BCF93EEA7902" name="BINTYPE_BIN">
<createdBy>prana</createdBy>
<createdTime>2023-05-03 03:25:34 UTC</createdTime>
<generatorID>8A309DD7-D36E-0D9B-BE5E-0F9EC1B446CE</generatorID>
<ownerDesignName>cui_orclemodel</ownerDesignName>
<referredTableLongName>BINTYPE</referredTableLongName>
<deleteRule>NO ACTION</deleteRule>
<referredTableID>FFBD2501-1A6F-F2AC-783A-629F64B317DD</referredTableID>
<keyObject>2792FC6B-FAC9-B97B-7487-DA107BC2747B</keyObject>
<referredKeyID>2792FC6B-FAC9-B97B-7487-DA107BC2747B</referredKeyID>
<mandatory>true</mandatory>
<refColNames>waste_type_id,bin_size</refColNames>
<transferable>true</transferable>
<rely>false</rely>
<columnDependencyConstraintGenerateInDDL>true</columnDependencyConstraintGenerateInDDL>
</FKIndexAssociation>
