<?xml version = '1.0' encoding = 'UTF-8'?>
<FKIndexAssociation class="oracle.dbtools.crest.model.design.relational.FKIndexAssociation" directorySegmentName="seg_0" id="3F8E6D65-016C-D670-4C75-AF651665A157" containerWithKeyObject="C1C0BB5E-7CF2-41B6-3F27-4E47283B2281" localFKIndex="70AE3A88-162F-14A3-5AAB-15A6A324166A" name="CONTRACT_WASTE_TYPE_COLLECTION">
<createdBy>prana</createdBy>
<createdTime>2023-05-03 03:25:34 UTC</createdTime>
<generatorID>D920E47B-6F0F-DB5B-6ADF-3D7D98A482B6</generatorID>
<ownerDesignName>cui_orclemodel</ownerDesignName>
<referredTableLongName>CONTRACT_WASTE_TYPE</referredTableLongName>
<deleteRule>NO ACTION</deleteRule>
<referredTableID>DB404837-7167-9253-5AFC-470D05BE24C6</referredTableID>
<keyObject>97EEC2EA-63AB-758A-5DA8-57F1D495CBAF</keyObject>
<referredKeyID>97EEC2EA-63AB-758A-5DA8-57F1D495CBAF</referredKeyID>
<mandatory>true</mandatory>
<refColNames>waste_type_id,con_num</refColNames>
<transferable>true</transferable>
<rely>false</rely>
<columnDependencyConstraintGenerateInDDL>true</columnDependencyConstraintGenerateInDDL>
</FKIndexAssociation>
