<?xml version = '1.0' encoding = 'UTF-8'?>
<FKIndexAssociation class="oracle.dbtools.crest.model.design.relational.FKIndexAssociation" directorySegmentName="seg_0" id="4A712526-4271-B1F7-69EC-A5C62AC34F7E" containerWithKeyObject="D4763D8E-9121-0D30-CD24-252F0CCD470C" localFKIndex="733A0BF1-E09F-ADA7-D991-81E4E7EF8B25" name="COLLECTION_MADE_COLLECTION">
<createdBy>prana</createdBy>
<createdTime>2023-05-03 03:25:34 UTC</createdTime>
<generatorID>7FFE1617-2129-5A8D-C603-896087763167</generatorID>
<ownerDesignName>cui_orclemodel</ownerDesignName>
<referredTableLongName>COLLECTION</referredTableLongName>
<deleteRule>NO ACTION</deleteRule>
<referredTableID>C1C0BB5E-7CF2-41B6-3F27-4E47283B2281</referredTableID>
<keyObject>505B5E93-673B-EBDF-6DD3-50C16D5AD323</keyObject>
<referredKeyID>505B5E93-673B-EBDF-6DD3-50C16D5AD323</referredKeyID>
<mandatory>true</mandatory>
<refColNames>coll_date,waste_type_id,con_num</refColNames>
<transferable>true</transferable>
<rely>false</rely>
<columnDependencyConstraintGenerateInDDL>true</columnDependencyConstraintGenerateInDDL>
</FKIndexAssociation>
