<?xml version = '1.0' encoding = 'UTF-8'?>
<FKIndexAssociation class="oracle.dbtools.crest.model.design.relational.FKIndexAssociation" directorySegmentName="seg_0" id="4CAFA2B7-982D-A787-A18F-1C6A5471FC40" containerWithKeyObject="FFBD2501-1A6F-F2AC-783A-629F64B317DD" localFKIndex="EFF7759E-741B-F290-47F2-F37A2507A0B5" name="WASTETYPE_BINTYPE">
<createdBy>prana</createdBy>
<createdTime>2023-05-03 03:25:34 UTC</createdTime>
<generatorID>9DB808AE-3090-4644-A229-2EA78686D492</generatorID>
<ownerDesignName>cui_orclemodel</ownerDesignName>
<referredTableLongName>WASTETYPE</referredTableLongName>
<deleteRule>NO ACTION</deleteRule>
<referredTableID>62633C0E-A112-4BA2-84F8-66E8714B7454</referredTableID>
<keyObject>9F28F1C2-2EBF-9BEC-4ECF-EE4B66433C4E</keyObject>
<referredKeyID>9F28F1C2-2EBF-9BEC-4ECF-EE4B66433C4E</referredKeyID>
<mandatory>true</mandatory>
<refColNames>waste_type_id</refColNames>
<transferable>true</transferable>
<rely>false</rely>
<columnDependencyConstraintGenerateInDDL>true</columnDependencyConstraintGenerateInDDL>
</FKIndexAssociation>
