<?xml version = '1.0' encoding = 'UTF-8'?>
<FKIndexAssociation class="oracle.dbtools.crest.model.design.relational.FKIndexAssociation" directorySegmentName="seg_0" id="4DB20B76-2CD0-4B98-CBE7-61E42143B60C" containerWithKeyObject="C1B25751-E4C2-B54C-9909-0D6EFBE63DB8" localFKIndex="BE9DD708-BBD0-C820-FDF9-022A493D4B25" name="ONWERPROP_PROPERTY">
<createdBy>prana</createdBy>
<createdTime>2023-05-03 03:25:34 UTC</createdTime>
<generatorID>A7E31742-07B4-12D0-C4CD-C79042FA0EED</generatorID>
<ownerDesignName>cui_orclemodel</ownerDesignName>
<referredTableLongName>PROPERTY</referredTableLongName>
<deleteRule>NO ACTION</deleteRule>
<referredTableID>073E84B7-E31E-D9B7-BDED-7264A204CBBC</referredTableID>
<keyObject>5BF5C216-F11F-9DA4-EC50-FBAFDF3CB296</keyObject>
<referredKeyID>5BF5C216-F11F-9DA4-EC50-FBAFDF3CB296</referredKeyID>
<mandatory>true</mandatory>
<refColNames>prop_num</refColNames>
<transferable>true</transferable>
<rely>false</rely>
<columnDependencyConstraintGenerateInDDL>true</columnDependencyConstraintGenerateInDDL>
</FKIndexAssociation>
