<?xml version = '1.0' encoding = 'UTF-8'?>
<FKIndexAssociation class="oracle.dbtools.crest.model.design.relational.FKIndexAssociation" directorySegmentName="seg_0" id="5335C7FE-67DD-7A1A-5DC5-84F19E8B6E57" containerWithKeyObject="26E0AF60-0C5A-77EB-48AA-6DCDD65D8141" localFKIndex="A64D12E9-2ABF-192E-6A63-53A52EF56DC4" name="DRIVER_AUTH_TRUCK">
<createdBy>prana</createdBy>
<createdTime>2023-05-03 03:25:34 UTC</createdTime>
<generatorID>DC3D7F24-B554-DD82-CC30-47606D2E9418</generatorID>
<ownerDesignName>cui_orclemodel</ownerDesignName>
<referredTableLongName>DRIVER</referredTableLongName>
<deleteRule>NO ACTION</deleteRule>
<referredTableID>8C8D5FB3-E9A7-C9AD-E945-B8EB7C90966E</referredTableID>
<keyObject>FD7FC62E-9BEE-79FE-85BA-E3D3AF19489D</keyObject>
<referredKeyID>FD7FC62E-9BEE-79FE-85BA-E3D3AF19489D</referredKeyID>
<mandatory>true</mandatory>
<refColNames>driver_num</refColNames>
<transferable>true</transferable>
<rely>false</rely>
<columnDependencyConstraintGenerateInDDL>true</columnDependencyConstraintGenerateInDDL>
</FKIndexAssociation>
