<?xml version = '1.0' encoding = 'UTF-8'?>
<FKIndexAssociation class="oracle.dbtools.crest.model.design.relational.FKIndexAssociation" directorySegmentName="seg_0" id="61FB2DE6-9A5B-A610-D7F8-EFBBCA5FD5C4" containerWithKeyObject="4208EF4B-5B4C-3D2E-17A9-C3FB32F6C3A3" localFKIndex="C9489B06-4894-4F7B-7331-43A46149A751" name="CONTRACT_BIN_TYPE">
<createdBy>prana</createdBy>
<createdTime>2023-05-03 03:25:34 UTC</createdTime>
<generatorID>2384A2B5-DB14-70BE-37AC-92B967899E1B</generatorID>
<ownerDesignName>cui_orclemodel</ownerDesignName>
<referredTableLongName>CONTRACT</referredTableLongName>
<deleteRule>NO ACTION</deleteRule>
<referredTableID>8FBF6AA9-4D66-853A-9A35-FE003B30813D</referredTableID>
<keyObject>1FE256DD-52B3-F41A-B94E-95EC7C0B06B3</keyObject>
<referredKeyID>1FE256DD-52B3-F41A-B94E-95EC7C0B06B3</referredKeyID>
<mandatory>true</mandatory>
<refColNames>con_num</refColNames>
<transferable>true</transferable>
<rely>false</rely>
<columnDependencyConstraintGenerateInDDL>true</columnDependencyConstraintGenerateInDDL>
</FKIndexAssociation>
