<?xml version = '1.0' encoding = 'UTF-8'?>
<FKIndexAssociation class="oracle.dbtools.crest.model.design.relational.FKIndexAssociation" directorySegmentName="seg_0" id="708115CD-97CE-4D3B-DE9D-3DFE812A5C19" containerWithKeyObject="ACF0FDA9-C786-8A91-E91D-2E67E8CC4508" localFKIndex="58B8F99D-1481-63F8-A798-DE02414FC09B" name="CONTRACT_BIN">
<createdBy>prana</createdBy>
<createdTime>2023-05-03 03:25:34 UTC</createdTime>
<generatorID>C440AF7A-5CED-0151-F9B9-E915DB71FC46</generatorID>
<ownerDesignName>cui_orclemodel</ownerDesignName>
<referredTableLongName>CONTRACT</referredTableLongName>
<deleteRule>NO ACTION</deleteRule>
<referredTableID>8FBF6AA9-4D66-853A-9A35-FE003B30813D</referredTableID>
<keyObject>1FE256DD-52B3-F41A-B94E-95EC7C0B06B3</keyObject>
<referredKeyID>1FE256DD-52B3-F41A-B94E-95EC7C0B06B3</referredKeyID>
<mandatory>true</mandatory>
<refColNames>con_num</refColNames>
<transferable>true</transferable>
<rely>false</rely>
<columnDependencyConstraintGenerateInDDL>true</columnDependencyConstraintGenerateInDDL>
</FKIndexAssociation>
