<?xml version = '1.0' encoding = 'UTF-8'?>
<FKIndexAssociation class="oracle.dbtools.crest.model.design.relational.FKIndexAssociation" directorySegmentName="seg_0" id="75C9D45D-D906-913B-75F2-1EF368AB1A88" containerWithKeyObject="DB404837-7167-9253-5AFC-470D05BE24C6" localFKIndex="968FDC6F-4896-D347-8A56-2417B42D643D" name="CONTRACT_WASTE_TYPE">
<createdBy>prana</createdBy>
<createdTime>2023-05-03 03:25:34 UTC</createdTime>
<generatorID>746C4FD3-D66C-F20F-2924-36BDFAE23283</generatorID>
<ownerDesignName>cui_orclemodel</ownerDesignName>
<referredTableLongName>CONTRACT</referredTableLongName>
<deleteRule>NO ACTION</deleteRule>
<referredTableID>8FBF6AA9-4D66-853A-9A35-FE003B30813D</referredTableID>
<keyObject>1FE256DD-52B3-F41A-B94E-95EC7C0B06B3</keyObject>
<referredKeyID>1FE256DD-52B3-F41A-B94E-95EC7C0B06B3</referredKeyID>
<mandatory>true</mandatory>
<refColNames>con_num</refColNames>
<transferable>true</transferable>
<rely>false</rely>
<columnDependencyConstraintGenerateInDDL>true</columnDependencyConstraintGenerateInDDL>
</FKIndexAssociation>
