<?xml version = '1.0' encoding = 'UTF-8'?>
<FKIndexAssociation class="oracle.dbtools.crest.model.design.relational.FKIndexAssociation" directorySegmentName="seg_0" id="7B6D3008-B119-1EEE-098A-E6B186DB8FF6" containerWithKeyObject="8FBF6AA9-4D66-853A-9A35-FE003B30813D" localFKIndex="0D483F4C-C4B6-4615-EE20-6928A6CEFBD0" name="AUTHORITY_CONTRACT">
<createdBy>prana</createdBy>
<createdTime>2023-05-03 03:25:34 UTC</createdTime>
<generatorID>1B069402-0920-59AF-6AC8-ACCD00A5E2BC</generatorID>
<ownerDesignName>cui_orclemodel</ownerDesignName>
<referredTableLongName>AUTHORITY</referredTableLongName>
<deleteRule>NO ACTION</deleteRule>
<referredTableID>EBA2F8B8-8072-DDB2-DA4E-AD90CEBB24AF</referredTableID>
<keyObject>736A28DD-499D-9429-ED08-EF6ABCA41AD7</keyObject>
<referredKeyID>736A28DD-499D-9429-ED08-EF6ABCA41AD7</referredKeyID>
<mandatory>true</mandatory>
<refColNames>auth_name</refColNames>
<transferable>true</transferable>
<rely>false</rely>
<columnDependencyConstraintGenerateInDDL>true</columnDependencyConstraintGenerateInDDL>
</FKIndexAssociation>
