<?xml version = '1.0' encoding = 'UTF-8'?>
<FKIndexAssociation class="oracle.dbtools.crest.model.design.relational.FKIndexAssociation" directorySegmentName="seg_0" id="96E7C512-064B-C6E5-2BA3-91E3D12ECD2B" containerWithKeyObject="26E0AF60-0C5A-77EB-48AA-6DCDD65D8141" localFKIndex="23D50A83-98C1-B7DE-1C48-5A468382597F" name="TRUCK_AUTH_TRUCK">
<createdBy>prana</createdBy>
<createdTime>2023-05-03 03:25:34 UTC</createdTime>
<generatorID>652FC29E-DE45-30A1-5C9E-757CE3387BF2</generatorID>
<ownerDesignName>cui_orclemodel</ownerDesignName>
<referredTableLongName>TRUCK</referredTableLongName>
<deleteRule>NO ACTION</deleteRule>
<referredTableID>75C9683A-392F-DDD8-0C2E-9FCD20897CE1</referredTableID>
<keyObject>13D019D2-8CF1-6B71-9A4F-4051F0FA30D8</keyObject>
<referredKeyID>13D019D2-8CF1-6B71-9A4F-4051F0FA30D8</referredKeyID>
<mandatory>true</mandatory>
<refColNames>truck_vin</refColNames>
<transferable>true</transferable>
<rely>false</rely>
<columnDependencyConstraintGenerateInDDL>true</columnDependencyConstraintGenerateInDDL>
</FKIndexAssociation>
