<?xml version = '1.0' encoding = 'UTF-8'?>
<FKIndexAssociation class="oracle.dbtools.crest.model.design.relational.FKIndexAssociation" directorySegmentName="seg_0" id="BB38C1BB-A38B-3EE7-1685-99EF56EC7698" containerWithKeyObject="DB404837-7167-9253-5AFC-470D05BE24C6" localFKIndex="745EAEF6-D90B-6ED9-B05E-0031EBD0D0EA" name="WASTE_TYPE_CONTRACT">
<createdBy>prana</createdBy>
<createdTime>2023-05-03 03:25:34 UTC</createdTime>
<generatorID>A77DACC4-D617-47AE-F1C1-CCE878176594</generatorID>
<ownerDesignName>cui_orclemodel</ownerDesignName>
<referredTableLongName>WASTETYPE</referredTableLongName>
<deleteRule>NO ACTION</deleteRule>
<referredTableID>62633C0E-A112-4BA2-84F8-66E8714B7454</referredTableID>
<keyObject>9F28F1C2-2EBF-9BEC-4ECF-EE4B66433C4E</keyObject>
<referredKeyID>9F28F1C2-2EBF-9BEC-4ECF-EE4B66433C4E</referredKeyID>
<mandatory>true</mandatory>
<refColNames>waste_type_id</refColNames>
<transferable>true</transferable>
<rely>false</rely>
<columnDependencyConstraintGenerateInDDL>true</columnDependencyConstraintGenerateInDDL>
</FKIndexAssociation>
