<?xml version = '1.0' encoding = 'UTF-8'?>
<FKIndexAssociation class="oracle.dbtools.crest.model.design.relational.FKIndexAssociation" directorySegmentName="seg_0" id="C7341E07-BA54-B4FC-6D6B-59DF4B24012D" containerWithKeyObject="D4763D8E-9121-0D30-CD24-252F0CCD470C" localFKIndex="311944BC-58BA-B419-3C8F-DFB7D5034291" name="BIN_MADE_COLLECTION">
<createdBy>prana</createdBy>
<createdTime>2023-05-03 03:25:34 UTC</createdTime>
<generatorID>79A483EA-F946-4782-DB7B-BA8EA719AD46</generatorID>
<ownerDesignName>cui_orclemodel</ownerDesignName>
<referredTableLongName>BIN</referredTableLongName>
<deleteRule>NO ACTION</deleteRule>
<referredTableID>ACF0FDA9-C786-8A91-E91D-2E67E8CC4508</referredTableID>
<keyObject>A1291ECF-3745-D9F3-B5D1-DF16C03C9B8B</keyObject>
<referredKeyID>A1291ECF-3745-D9F3-B5D1-DF16C03C9B8B</referredKeyID>
<mandatory>true</mandatory>
<refColNames>bin_rfid</refColNames>
<transferable>true</transferable>
<rely>false</rely>
<columnDependencyConstraintGenerateInDDL>true</columnDependencyConstraintGenerateInDDL>
</FKIndexAssociation>
