<?xml version = '1.0' encoding = 'UTF-8'?>
<FKIndexAssociation class="oracle.dbtools.crest.model.design.relational.FKIndexAssociation" directorySegmentName="seg_0" id="D599748F-6436-64EE-4DA3-1DF9A12003D7" containerWithKeyObject="A04F0BCF-A4FF-C591-C7FD-D3A82FB8ACFE" localFKIndex="EBDD55CB-88FD-8D4B-A4C4-94A859270F84" name="AUTHORITY_STREET">
<createdBy>prana</createdBy>
<createdTime>2023-05-03 03:25:34 UTC</createdTime>
<generatorID>40CBBC9B-B803-F28D-7E8B-E225EA2D20C2</generatorID>
<ownerDesignName>cui_orclemodel</ownerDesignName>
<referredTableLongName>AUTHORITY</referredTableLongName>
<deleteRule>NO ACTION</deleteRule>
<referredTableID>EBA2F8B8-8072-DDB2-DA4E-AD90CEBB24AF</referredTableID>
<keyObject>736A28DD-499D-9429-ED08-EF6ABCA41AD7</keyObject>
<referredKeyID>736A28DD-499D-9429-ED08-EF6ABCA41AD7</referredKeyID>
<mandatory>true</mandatory>
<refColNames>auth_name</refColNames>
<transferable>true</transferable>
<rely>false</rely>
<columnDependencyConstraintGenerateInDDL>true</columnDependencyConstraintGenerateInDDL>
</FKIndexAssociation>
