<?xml version = '1.0' encoding = 'UTF-8'?>
<FKIndexAssociation class="oracle.dbtools.crest.model.design.relational.FKIndexAssociation" directorySegmentName="seg_0" id="F3E63026-C304-9711-5598-F6ED89E3A7A2" containerWithKeyObject="C1B25751-E4C2-B54C-9909-0D6EFBE63DB8" localFKIndex="6D492EA2-94D7-78A2-B4D1-F2B218158031" name="OWNERPR">
<createdBy>prana</createdBy>
<createdTime>2023-05-03 03:25:34 UTC</createdTime>
<generatorID>E4DA37D7-0B11-9AFA-79F6-1E442AEA6A9A</generatorID>
<ownerDesignName>cui_orclemodel</ownerDesignName>
<referredTableLongName>OWNER</referredTableLongName>
<deleteRule>NO ACTION</deleteRule>
<referredTableID>B5F8324A-3B7D-04DD-4DCE-91344FCA8728</referredTableID>
<keyObject>CCF28180-CD6E-C1DA-30CB-BC546E504B2A</keyObject>
<referredKeyID>CCF28180-CD6E-C1DA-30CB-BC546E504B2A</referredKeyID>
<mandatory>true</mandatory>
<refColNames>owner_id</refColNames>
<transferable>true</transferable>
<rely>false</rely>
<columnDependencyConstraintGenerateInDDL>true</columnDependencyConstraintGenerateInDDL>
</FKIndexAssociation>
