<?xml version = '1.0' encoding = 'UTF-8'?>
<FKIndexAssociation class="oracle.dbtools.crest.model.design.relational.FKIndexAssociation" directorySegmentName="seg_0" id="F4A7CA0C-F8DD-4DD9-9834-7C5DF17E7ECB" containerWithKeyObject="ACF0FDA9-C786-8A91-E91D-2E67E8CC4508" localFKIndex="ACD7B055-CC73-590B-58CB-DDAB8EF015D1" name="Relation_18">
<createdBy>prana</createdBy>
<createdTime>2023-05-03 03:25:34 UTC</createdTime>
<generatorID>417B0C70-5622-DB54-A698-E7E6A42FA3C1</generatorID>
<ownerDesignName>cui_orclemodel</ownerDesignName>
<referredTableLongName>PROPERTY</referredTableLongName>
<deleteRule>NO ACTION</deleteRule>
<referredTableID>073E84B7-E31E-D9B7-BDED-7264A204CBBC</referredTableID>
<keyObject>5BF5C216-F11F-9DA4-EC50-FBAFDF3CB296</keyObject>
<referredKeyID>5BF5C216-F11F-9DA4-EC50-FBAFDF3CB296</referredKeyID>
<mandatory>true</mandatory>
<refColNames>prop_num</refColNames>
<transferable>true</transferable>
<rely>false</rely>
<columnDependencyConstraintGenerateInDDL>true</columnDependencyConstraintGenerateInDDL>
</FKIndexAssociation>
