<?xml version = '1.0' encoding = 'UTF-8'?>
<FKIndexAssociation class="oracle.dbtools.crest.model.design.relational.FKIndexAssociation" directorySegmentName="seg_0" id="FC762E1D-F47E-FBCD-2A10-FE9853E42B01" containerWithKeyObject="073E84B7-E31E-D9B7-BDED-7264A204CBBC" localFKIndex="D03260E2-62A0-3BC5-C225-BBF4BC47F138" name="STREET_PROPERTY">
<createdBy>prana</createdBy>
<createdTime>2023-05-03 03:25:34 UTC</createdTime>
<generatorID>66452BE9-95BA-A117-A686-A818C40D9998</generatorID>
<ownerDesignName>cui_orclemodel</ownerDesignName>
<referredTableLongName>STREET</referredTableLongName>
<deleteRule>NO ACTION</deleteRule>
<referredTableID>A04F0BCF-A4FF-C591-C7FD-D3A82FB8ACFE</referredTableID>
<keyObject>732F21A9-2FAD-1E5B-FDB4-DF937AD2C87C</keyObject>
<referredKeyID>732F21A9-2FAD-1E5B-FDB4-DF937AD2C87C</referredKeyID>
<mandatory>true</mandatory>
<refColNames>street_id,auth_name</refColNames>
<transferable>true</transferable>
<rely>false</rely>
<columnDependencyConstraintGenerateInDDL>true</columnDependencyConstraintGenerateInDDL>
</FKIndexAssociation>
