<?xml version = '1.0' encoding = 'UTF-8'?>
<Relation class="oracle.dbtools.crest.model.design.logical.Relation" name="OWNERPR" directorySegmentName="seg_0" id="E4DA37D7-0B11-9AFA-79F6-1E442AEA6A9A">
<createdBy>pzqfranz</createdBy>
<createdTime>2023-05-02 04:15:14 UTC</createdTime>
<ownerDesignName>cui_oraclemodel</ownerDesignName>
<engineerTo>
<item key="C9F950A6-D10F-E536-8F13-EFEC390783A6" value="true"/>
</engineerTo>
<sourcePk>85359440-8F09-8AC6-A7BB-054E306C8AB0</sourcePk>
<targetPk>8EAFA25B-FA36-A4EF-791A-FF990EEB846E</targetPk>
<identifying>true</identifying>
<nameOnSource> </nameOnSource>
<nameOnTarget> owner</nameOnTarget>
<optionalSource>false</optionalSource>
<optionalTarget>false</optionalTarget>
<sourceCardinality>*</sourceCardinality>
<sourceEntity>6E56EEEE-FCBD-67DD-C168-77FC332EB4BE</sourceEntity>
<targetCardinalityString>1</targetCardinalityString>
<targetEntity>40A18A28-6B2D-48C0-BB21-14E25C1827DF</targetEntity>
<transferable>true</transferable>
<deleteRule>NO ACTION</deleteRule>
</Relation>
